,Unnamed: 0,date,close_price
0,0,2016-01-01,434.28
1,1,2016-01-02,436.72
2,2,2016-01-03,425.85
3,3,2016-01-04,432.92
4,4,2016-01-05,433.39
5,5,2016-01-06,431.7
6,6,2016-01-07,454.06
7,7,2016-01-08,455.14
8,8,2016-01-09,449.53
9,9,2016-01-10,441.73
10,10,2016-01-11,446.74
11,11,2016-01-12,445.88
12,12,2016-01-13,429.97
13,13,2016-01-14,431.5
14,14,2016-01-15,394.13
15,15,2016-01-16,367.83
16,16,2016-01-17,386.46
17,17,2016-01-18,386.15
18,18,2016-01-19,382.01
19,19,2016-01-20,412.2
20,20,2016-01-21,415.59
21,21,2016-01-22,395.6
22,22,2016-01-23,386.4
23,23,2016-01-24,401.24
24,24,2016-01-25,397.58
25,25,2016-01-26,392.0
26,26,2016-01-27,393.58
27,27,2016-01-28,383.88
28,28,2016-01-29,379.55
29,29,2016-01-30,379.31
30,30,2016-01-31,378.99
31,31,2016-02-01,374.24
32,32,2016-02-02,375.05
33,33,2016-02-03,370.68
34,34,2016-02-04,384.29
35,35,2016-02-05,388.45
36,36,2016-02-06,375.77
37,37,2016-02-07,376.98
38,38,2016-02-08,375.64
39,39,2016-02-09,374.67
40,40,2016-02-10,379.91
41,41,2016-02-11,377.06
42,42,2016-02-12,381.25
43,43,2016-02-13,385.0
44,44,2016-02-14,401.99
45,45,2016-02-15,401.06
46,46,2016-02-16,406.99
47,47,2016-02-17,418.59
48,48,2016-02-18,416.92
49,49,2016-02-19,420.99
50,50,2016-02-20,429.84
51,51,2016-02-21,428.64
52,52,2016-02-22,438.75
53,53,2016-02-23,421.88
54,54,2016-02-24,421.98
55,55,2016-02-25,422.03
56,56,2016-02-26,423.99
57,57,2016-02-27,430.36
58,58,2016-02-28,433.31
59,59,2016-02-29,436.15
60,60,2016-03-01,431.6
61,61,2016-03-02,428.79
62,62,2016-03-03,419.13
63,63,2016-03-04,417.41
64,64,2016-03-05,374.0
65,65,2016-03-06,403.17
66,66,2016-03-07,406.53
67,67,2016-03-08,409.74
68,68,2016-03-09,412.08
69,69,2016-03-10,413.81
70,70,2016-03-11,419.33
71,71,2016-03-12,409.26
72,72,2016-03-13,410.59
73,73,2016-03-14,413.82
74,74,2016-03-15,414.36
75,75,2016-03-16,415.0
76,76,2016-03-17,418.77
77,77,2016-03-18,409.0
78,78,2016-03-19,407.71
79,79,2016-03-20,410.0
80,80,2016-03-21,410.47
81,81,2016-03-22,416.62
82,82,2016-03-23,417.06
83,83,2016-03-24,416.2
84,84,2016-03-25,416.41
85,85,2016-03-26,416.81
86,86,2016-03-27,424.0
87,87,2016-03-28,422.45
88,88,2016-03-29,411.79
89,89,2016-03-30,412.0
90,90,2016-03-31,415.62
91,91,2016-04-01,416.39
92,92,2016-04-02,420.0
93,93,2016-04-03,419.0
94,94,2016-04-04,419.6
95,95,2016-04-05,422.49
96,96,2016-04-06,422.47
97,97,2016-04-07,422.31
98,98,2016-04-08,424.18
99,99,2016-04-09,417.16
100,100,2016-04-10,420.64
101,101,2016-04-11,421.91
102,102,2016-04-12,426.2
103,103,2016-04-13,425.54
104,104,2016-04-14,424.99
105,105,2016-04-15,429.7
106,106,2016-04-16,430.09
107,107,2016-04-17,429.48
108,108,2016-04-18,427.81
109,109,2016-04-19,427.99
110,110,2016-04-20,440.49
111,111,2016-04-21,443.69
112,112,2016-04-22,447.16
113,113,2016-04-23,450.82
114,114,2016-04-24,451.6
115,115,2016-04-25,459.0
116,116,2016-04-26,467.04
117,117,2016-04-27,456.27
118,118,2016-04-28,448.0
119,119,2016-04-29,451.42
120,120,2016-04-30,454.23
121,121,2016-05-01,453.23
122,122,2016-05-02,443.52
123,123,2016-05-03,447.61
124,124,2016-05-04,448.99
125,125,2016-05-05,447.67
126,126,2016-05-06,453.99
127,127,2016-05-07,459.24
128,128,2016-05-08,458.05
129,129,2016-05-09,461.99
130,130,2016-05-10,453.46
131,131,2016-05-11,453.99
132,132,2016-05-12,453.82
133,133,2016-05-13,456.4
134,134,2016-05-14,456.11
135,135,2016-05-15,456.88
136,136,2016-05-16,457.99
137,137,2016-05-17,454.1
138,138,2016-05-18,455.96
139,139,2016-05-19,449.03
140,140,2016-05-20,443.0
141,141,2016-05-21,443.43
142,142,2016-05-22,440.03
143,143,2016-05-23,442.34
144,144,2016-05-24,445.93
145,145,2016-05-25,447.62
146,146,2016-05-26,453.99
147,147,2016-05-27,473.97
148,148,2016-05-28,497.41
149,149,2016-05-29,520.0
150,150,2016-05-30,532.25
151,151,2016-05-31,526.51
152,152,2016-06-01,536.02
153,153,2016-06-02,536.29
154,154,2016-06-03,563.28
155,155,2016-06-04,576.75
156,156,2016-06-05,575.07
157,157,2016-06-06,585.52
158,158,2016-06-07,576.27
159,159,2016-06-08,576.72
160,160,2016-06-09,577.75
161,161,2016-06-10,576.86
162,162,2016-06-11,585.08
163,163,2016-06-12,648.0
164,164,2016-06-13,687.85
165,165,2016-06-14,676.18
166,166,2016-06-15,688.01
167,167,2016-06-16,739.64
168,168,2016-06-17,745.65
169,169,2016-06-18,757.91
170,170,2016-06-19,765.0
171,171,2016-06-20,740.9
172,172,2016-06-21,667.12
173,173,2016-06-22,649.74
174,174,2016-06-23,560.58
175,175,2016-06-24,642.78
176,176,2016-06-25,684.29
177,177,2016-06-26,623.8
178,178,2016-06-27,635.4
179,179,2016-06-28,645.44
180,180,2016-06-29,634.66
181,181,2016-06-30,667.78
182,182,2016-07-01,674.2
183,183,2016-07-02,691.18
184,184,2016-07-03,654.21
185,185,2016-07-04,672.87
186,186,2016-07-05,667.39
187,187,2016-07-06,675.18
188,188,2016-07-07,638.27
189,189,2016-07-08,651.53
190,190,2016-07-09,658.22
191,191,2016-07-10,644.74
192,192,2016-07-11,648.59
193,193,2016-07-12,661.0
194,194,2016-07-13,662.41
195,195,2016-07-14,662.05
196,196,2016-07-15,662.99
197,197,2016-07-16,662.01
198,198,2016-07-17,669.99
199,199,2016-07-18,681.43
200,200,2016-07-19,672.12
201,201,2016-07-20,666.01
202,202,2016-07-21,665.19
203,203,2016-07-22,653.28
204,204,2016-07-23,655.92
205,205,2016-07-24,661.61
206,206,2016-07-25,657.35
207,207,2016-07-26,654.71
208,208,2016-07-27,656.99
209,209,2016-07-28,659.13
210,210,2016-07-29,656.35
211,211,2016-07-30,657.37
212,212,2016-07-31,634.28
213,213,2016-08-01,622.0
214,214,2016-08-02,598.37
215,215,2016-08-03,552.03
216,216,2016-08-04,575.0
217,217,2016-08-05,575.39
218,218,2016-08-06,575.51
219,219,2016-08-07,598.99
220,220,2016-08-08,593.73
221,221,2016-08-09,590.82
222,222,2016-08-10,598.14
223,223,2016-08-11,592.91
224,224,2016-08-12,589.17
225,225,2016-08-13,587.17
226,226,2016-08-14,571.27
227,227,2016-08-15,562.39
228,228,2016-08-16,577.28
229,229,2016-08-17,573.97
230,230,2016-08-18,575.3
231,231,2016-08-19,574.43
232,232,2016-08-20,577.99
233,233,2016-08-21,580.99
234,234,2016-08-22,585.86
235,235,2016-08-23,581.05
236,236,2016-08-24,578.53
237,237,2016-08-25,573.04
238,238,2016-08-26,577.97
239,239,2016-08-27,568.02
240,240,2016-08-28,571.48
241,241,2016-08-29,575.52
242,242,2016-08-30,576.7
243,243,2016-08-31,573.44
244,244,2016-09-01,572.89
245,245,2016-09-02,575.69
246,246,2016-09-03,575.42
247,247,2016-09-04,608.49
248,248,2016-09-05,604.79
249,249,2016-09-06,609.89
250,250,2016-09-07,614.99
251,251,2016-09-08,627.2
252,252,2016-09-09,621.34
253,253,2016-09-10,621.21
254,254,2016-09-11,623.28
255,255,2016-09-12,605.77
256,256,2016-09-13,606.26
257,257,2016-09-14,609.78
258,258,2016-09-15,608.57
259,259,2016-09-16,606.51
260,260,2016-09-17,606.37
261,261,2016-09-18,607.99
262,262,2016-09-19,608.51
263,263,2016-09-20,608.36
264,264,2016-09-21,595.6
265,265,2016-09-22,595.93
266,266,2016-09-23,598.99
267,267,2016-09-24,601.18
268,268,2016-09-25,599.01
269,269,2016-09-26,605.8
270,270,2016-09-27,605.4
271,271,2016-09-28,604.94
272,272,2016-09-29,605.4
273,273,2016-09-30,604.99
274,274,2016-10-01,614.63
275,275,2016-10-02,607.46
276,276,2016-10-03,611.99
277,277,2016-10-04,610.78
278,278,2016-10-05,613.1
279,279,2016-10-06,613.18
280,280,2016-10-07,616.12
281,281,2016-10-08,616.97
282,282,2016-10-09,617.92
283,283,2016-10-10,615.12
284,284,2016-10-11,632.82
285,285,2016-10-12,637.73
286,286,2016-10-13,636.62
287,287,2016-10-14,638.25
288,288,2016-10-15,639.47
289,289,2016-10-16,639.25
290,290,2016-10-17,637.83
291,291,2016-10-18,636.83
292,292,2016-10-19,627.69
293,293,2016-10-20,625.65
294,294,2016-10-21,631.55
295,295,2016-10-22,646.55
296,296,2016-10-23,653.26
297,297,2016-10-24,648.81
298,298,2016-10-25,653.73
299,299,2016-10-26,667.01
300,300,2016-10-27,678.63
301,301,2016-10-28,687.76
302,302,2016-10-29,713.03
303,303,2016-10-30,705.56
304,304,2016-10-31,707.47
305,305,2016-11-01,726.03
306,306,2016-11-02,724.32
307,307,2016-11-03,716.73
308,308,2016-11-04,694.03
309,309,2016-11-05,703.44
310,310,2016-11-06,699.23
311,311,2016-11-07,703.58
312,312,2016-11-08,710.08
313,313,2016-11-09,722.85
314,314,2016-11-10,713.73
315,315,2016-11-11,717.63
316,316,2016-11-12,704.04
317,317,2016-11-13,696.01
318,318,2016-11-14,700.8
319,319,2016-11-15,711.21
320,320,2016-11-16,729.98
321,321,2016-11-17,745.0
322,322,2016-11-18,749.98
323,323,2016-11-19,748.19
324,324,2016-11-20,725.68
325,325,2016-11-21,734.79
326,326,2016-11-22,745.95
327,327,2016-11-23,738.38
328,328,2016-11-24,728.01
329,329,2016-11-25,734.68
330,330,2016-11-26,727.69
331,331,2016-11-27,733.99
332,332,2016-11-28,730.94
333,333,2016-11-29,731.88
334,334,2016-11-30,740.24
335,335,2016-12-01,753.88
336,336,2016-12-02,771.89
337,337,2016-12-03,766.78
338,338,2016-12-04,767.0
339,339,2016-12-05,753.55
340,340,2016-12-06,759.05
341,341,2016-12-07,765.13
342,342,2016-12-08,770.88
343,343,2016-12-09,770.2
344,344,2016-12-10,775.99
345,345,2016-12-11,767.31
346,346,2016-12-12,779.42
347,347,2016-12-13,780.63
348,348,2016-12-14,773.89
349,349,2016-12-15,777.84
350,350,2016-12-16,780.39
351,351,2016-12-17,787.16
352,352,2016-12-18,786.82
353,353,2016-12-19,789.92
354,354,2016-12-20,791.18
355,355,2016-12-21,827.42
356,356,2016-12-22,863.84
357,357,2016-12-23,889.88
358,358,2016-12-24,896.41
359,359,2016-12-25,877.73
360,360,2016-12-26,905.97
361,361,2016-12-27,935.3
362,362,2016-12-28,950.46
363,363,2016-12-29,967.0
364,364,2016-12-30,957.52
365,365,2016-12-31,964.96
366,366,2017-01-01,984.2
367,367,2017-01-02,1027.66
368,368,2017-01-03,1018.91
369,369,2017-01-04,1086.39
370,370,2017-01-05,993.18
371,371,2017-01-06,916.0
372,372,2017-01-07,889.15
373,373,2017-01-08,910.99
374,374,2017-01-09,902.19
375,375,2017-01-10,903.98
376,376,2017-01-11,798.51
377,377,2017-01-12,793.11
378,378,2017-01-13,815.58
379,379,2017-01-14,834.12
380,380,2017-01-15,817.29
381,381,2017-01-16,832.17
382,382,2017-01-17,880.76
383,383,2017-01-18,878.98
384,384,2017-01-19,894.67
385,385,2017-01-20,899.03
386,386,2017-01-21,921.59
387,387,2017-01-22,911.04
388,388,2017-01-23,921.0
389,389,2017-01-24,904.4
390,390,2017-01-25,889.83
391,391,2017-01-26,920.59
392,392,2017-01-27,923.4
393,393,2017-01-28,921.06
394,394,2017-01-29,920.52
395,395,2017-01-30,922.0
396,396,2017-01-31,956.93
397,397,2017-02-01,969.3
398,398,2017-02-02,998.98
399,399,2017-02-03,1018.99
400,400,2017-02-04,1018.04
401,401,2017-02-05,1018.02
402,402,2017-02-06,1024.0
403,403,2017-02-07,1047.65
404,404,2017-02-08,1053.13
405,405,2017-02-09,979.91
406,406,2017-02-10,973.99
407,407,2017-02-11,1007.5
408,408,2017-02-12,1009.01
409,409,2017-02-13,996.71
410,410,2017-02-14,1012.2
411,411,2017-02-15,1011.19
412,412,2017-02-16,1034.4
413,413,2017-02-17,1058.23
414,414,2017-02-18,1065.98
415,415,2017-02-19,1058.29
416,416,2017-02-20,1063.81
417,417,2017-02-21,1105.5
418,418,2017-02-22,1130.67
419,419,2017-02-23,1155.93
420,420,2017-02-24,1196.93
421,421,2017-02-25,1162.79
422,422,2017-02-26,1169.95
423,423,2017-02-27,1182.6
424,424,2017-02-28,1186.74
425,425,2017-03-01,1219.92
426,426,2017-03-02,1256.84
427,427,2017-03-03,1283.14
428,428,2017-03-04,1264.0
429,429,2017-03-05,1273.7
430,430,2017-03-06,1279.91
431,431,2017-03-07,1232.52
432,432,2017-03-08,1190.61
433,433,2017-03-09,1193.4
434,434,2017-03-10,1243.0
435,435,2017-03-11,1186.98
436,436,2017-03-12,1213.46
437,437,2017-03-13,1241.51
438,438,2017-03-14,1254.6
439,439,2017-03-15,1259.15
440,440,2017-03-16,1218.88
441,441,2017-03-17,1156.36
442,442,2017-03-18,975.0
443,443,2017-03-19,1025.23
444,444,2017-03-20,1043.87
445,445,2017-03-21,1091.0
446,446,2017-03-22,1016.66
447,447,2017-03-23,1043.88
448,448,2017-03-24,992.97
449,449,2017-03-25,932.25
450,450,2017-03-26,999.01
451,451,2017-03-27,1033.98
452,452,2017-03-28,1060.0
453,453,2017-03-29,1044.55
454,454,2017-03-30,1026.02
455,455,2017-03-31,1087.74
456,456,2017-04-01,1081.84
457,457,2017-04-02,1103.62
458,458,2017-04-03,1140.0
459,459,2017-04-04,1131.15
460,460,2017-04-05,1122.05
461,461,2017-04-06,1169.37
462,462,2017-04-07,1195.65
463,463,2017-04-08,1186.1
464,464,2017-04-09,1201.9
465,465,2017-04-10,1212.49
466,466,2017-04-11,1223.31
467,467,2017-04-12,1220.01
468,468,2017-04-13,1175.75
469,469,2017-04-14,1188.0
470,470,2017-04-15,1189.99
471,471,2017-04-16,1176.56
472,472,2017-04-17,1188.95
473,473,2017-04-18,1201.91
474,474,2017-04-19,1200.58
475,475,2017-04-20,1227.05
476,476,2017-04-21,1246.09
477,477,2017-04-22,1239.97
478,478,2017-04-23,1246.98
479,479,2017-04-24,1249.5
480,480,2017-04-25,1271.97
481,481,2017-04-26,1307.33
482,482,2017-04-27,1334.01
483,483,2017-04-28,1333.57
484,484,2017-04-29,1343.65
485,485,2017-04-30,1338.0
486,486,2017-05-01,1440.19
487,487,2017-05-02,1467.08
488,488,2017-05-03,1478.33
489,489,2017-05-04,1595.65
490,490,2017-05-05,1566.04
491,491,2017-05-06,1552.2
492,492,2017-05-07,1574.99
493,493,2017-05-08,1624.79
494,494,2017-05-09,1743.59
495,495,2017-05-10,1791.29
496,496,2017-05-11,1858.97
497,497,2017-05-12,1757.05
498,498,2017-05-13,1713.11
499,499,2017-05-14,1777.73
500,500,2017-05-15,1709.46
501,501,2017-05-16,1762.98
502,502,2017-05-17,1829.78
503,503,2017-05-18,1851.97
504,504,2017-05-19,1947.0
505,505,2017-05-20,1988.43
506,506,2017-05-21,2016.72
507,507,2017-05-22,2172.73
508,508,2017-05-23,2251.95
509,509,2017-05-24,2403.31
510,510,2017-05-25,2678.29
511,511,2017-05-26,2412.1
512,512,2017-05-27,2097.99
513,513,2017-05-28,2184.69
514,514,2017-05-29,2254.73
515,515,2017-05-30,2236.79
516,516,2017-05-31,2280.71
517,517,2017-06-01,2389.02
518,518,2017-06-02,2419.53
519,519,2017-06-03,2572.0
520,520,2017-06-04,2524.53
521,521,2017-06-05,2611.87
522,522,2017-06-06,2826.03
523,523,2017-06-07,2786.77
524,524,2017-06-08,2725.83
525,525,2017-06-09,2843.02
526,526,2017-06-10,2846.51
527,527,2017-06-11,2927.93
528,528,2017-06-12,2771.78
529,529,2017-06-13,2712.18
530,530,2017-06-14,2610.16
531,531,2017-06-15,2219.99
532,532,2017-06-16,2447.15
533,533,2017-06-17,2597.91
534,534,2017-06-18,2552.93
535,535,2017-06-19,2542.48
536,536,2017-06-20,2659.34
537,537,2017-06-21,2684.98
538,538,2017-06-22,2721.65
539,539,2017-06-23,2703.97
540,540,2017-06-24,2659.52
541,541,2017-06-25,2566.46
542,542,2017-06-26,2396.33
543,543,2017-06-27,2314.91
544,544,2017-06-28,2547.33
545,545,2017-06-29,2561.15
546,546,2017-06-30,2506.09
547,547,2017-07-01,2465.77
548,548,2017-07-02,2458.97
549,549,2017-07-03,2571.95
550,550,2017-07-04,2580.0
551,551,2017-07-05,2577.08
552,552,2017-07-06,2588.77
553,553,2017-07-07,2514.63
554,554,2017-07-08,2521.72
555,555,2017-07-09,2552.42
556,556,2017-07-10,2370.9
557,557,2017-07-11,2345.57
558,558,2017-07-12,2362.24
559,559,2017-07-13,2336.06
560,560,2017-07-14,2247.3
561,561,2017-07-15,2017.56
562,562,2017-07-16,1886.87
563,563,2017-07-17,2040.0
564,564,2017-07-18,2354.8
565,565,2017-07-19,2308.53
566,566,2017-07-20,2627.84
567,567,2017-07-21,2716.39
568,568,2017-07-22,2789.0
569,569,2017-07-23,2786.01
570,570,2017-07-24,2760.39
571,571,2017-07-25,2572.83
572,572,2017-07-26,2432.1
573,573,2017-07-27,2535.01
574,574,2017-07-28,2741.99
575,575,2017-07-29,2710.35
576,576,2017-07-30,2730.12
577,577,2017-07-31,2780.0
578,578,2017-08-01,2676.0
579,579,2017-08-02,2699.07
580,580,2017-08-03,2756.93
581,581,2017-08-04,2865.57
582,582,2017-08-05,3185.17
583,583,2017-08-06,3232.5
584,584,2017-08-07,3379.99
585,585,2017-08-08,3390.01
586,586,2017-08-09,3291.95
587,587,2017-08-10,3441.15
588,588,2017-08-11,3542.22
589,589,2017-08-12,3874.68
590,590,2017-08-13,4015.43
591,591,2017-08-14,4215.71
592,592,2017-08-15,3988.38
593,593,2017-08-16,4308.88
594,594,2017-08-17,4348.46
595,595,2017-08-18,4229.86
596,596,2017-08-19,4031.26
597,597,2017-08-20,4088.21
598,598,2017-08-21,3982.48
599,599,2017-08-22,3906.51
600,600,2017-08-23,4209.0
601,601,2017-08-24,4235.32
602,602,2017-08-25,4418.0
603,603,2017-08-26,4371.25
604,604,2017-08-27,4354.55
605,605,2017-08-28,4296.0
606,606,2017-08-29,4588.5
607,607,2017-08-30,4566.21
608,608,2017-08-31,4697.21
609,609,2017-09-01,4839.32
610,610,2017-09-02,4597.6
611,611,2017-09-03,4532.75
612,612,2017-09-04,4244.16
613,613,2017-09-05,4283.94
614,614,2017-09-06,4621.23
615,615,2017-09-07,4649.99
616,616,2017-09-08,4400.0
617,617,2017-09-09,4288.15
618,618,2017-09-10,4163.74
619,619,2017-09-11,4234.21
620,620,2017-09-12,4241.46
621,621,2017-09-13,3813.73
622,622,2017-09-14,3519.0
623,623,2017-09-15,3723.09
624,624,2017-09-16,3617.38
625,625,2017-09-17,3710.0
626,626,2017-09-18,4031.18
627,627,2017-09-19,4000.0
628,628,2017-09-20,3989.52
629,629,2017-09-21,3750.0
630,630,2017-09-22,3529.96
631,631,2017-09-23,3735.92
632,632,2017-09-24,3701.11
633,633,2017-09-25,3925.32
634,634,2017-09-26,3921.5
635,635,2017-09-27,4070.97
636,636,2017-09-28,4135.0
637,637,2017-09-29,4180.57
638,638,2017-09-30,4324.87
639,639,2017-10-01,4298.39
640,640,2017-10-02,4381.69
641,641,2017-10-03,4290.32
642,642,2017-10-04,4217.08
643,643,2017-10-05,4320.01
644,644,2017-10-06,4377.68
645,645,2017-10-07,4340.8
646,646,2017-10-08,4566.9
647,647,2017-10-09,4642.68
648,648,2017-10-10,4790.77
649,649,2017-10-11,4832.22
650,650,2017-10-12,5299.62
651,651,2017-10-13,5714.02
652,652,2017-10-14,5701.53
653,653,2017-10-15,5541.0
654,654,2017-10-16,5695.42
655,655,2017-10-17,5588.45
656,656,2017-10-18,5343.82
657,657,2017-10-19,5639.77
658,658,2017-10-20,5943.85
659,659,2017-10-21,6157.98
660,660,2017-10-22,6010.96
661,661,2017-10-23,5785.01
662,662,2017-10-24,5642.35
663,663,2017-10-25,5482.3
664,664,2017-10-26,5949.88
665,665,2017-10-27,5759.36
666,666,2017-10-28,5697.32
667,667,2017-10-29,5989.93
668,668,2017-10-30,6090.35
669,669,2017-10-31,6360.01
670,670,2017-11-01,6561.64
671,671,2017-11-02,7069.02
672,672,2017-11-03,7350.0
673,673,2017-11-04,7320.0
674,674,2017-11-05,7526.57
675,675,2017-11-06,7261.74
676,676,2017-11-07,7061.96
677,677,2017-11-08,7495.44
678,678,2017-11-09,7191.12
679,679,2017-11-10,6847.65
680,680,2017-11-11,6349.98
681,681,2017-11-12,6233.5
682,682,2017-11-13,6656.01
683,683,2017-11-14,6570.89
684,684,2017-11-15,7255.05
685,685,2017-11-16,7465.26
686,686,2017-11-17,7979.0
687,687,2017-11-18,7683.94
688,688,2017-11-19,7747.64
689,689,2017-11-20,8200.01
690,690,2017-11-21,8345.64
691,691,2017-11-22,8229.69
692,692,2017-11-23,8180.02
693,693,2017-11-24,8194.73
694,694,2017-11-25,8640.01
695,695,2017-11-26,9074.86
696,696,2017-11-27,9663.3
697,697,2017-11-28,9900.0
698,698,2017-11-29,10831.72
699,699,2017-11-30,9325.0
700,700,2017-12-01,10540.19
701,701,2017-12-02,10732.01
702,702,2017-12-03,11731.0
703,703,2017-12-04,11392.25
704,704,2017-12-05,11832.63
705,705,2017-12-06,12531.62
706,706,2017-12-07,15767.71
707,707,2017-12-08,15700.01
708,708,2017-12-09,15218.5
709,709,2017-12-10,15522.03
710,710,2017-12-11,16687.26
711,711,2017-12-12,17134.81
712,712,2017-12-13,17239.99
713,713,2017-12-14,16501.0
714,714,2017-12-15,17604.32
715,715,2017-12-16,18969.98
716,716,2017-12-17,19530.7
717,717,2017-12-18,18831.8
718,718,2017-12-19,18040.51
719,719,2017-12-20,16491.75
720,720,2017-12-21,15549.0
721,721,2017-12-22,13252.61
722,722,2017-12-23,15894.0
723,723,2017-12-24,13553.82
724,724,2017-12-25,14022.54
725,725,2017-12-26,15780.53
726,726,2017-12-27,15295.16
727,727,2017-12-28,14255.24
728,728,2017-12-29,14553.03
729,729,2017-12-30,12972.59
730,730,2017-12-31,13290.0
731,731,2018-01-01,13199.67
732,732,2018-01-02,13701.3
733,733,2018-01-03,15113.64
734,734,2018-01-04,14601.53
735,735,2018-01-05,16041.66
736,736,2018-01-06,16590.06
737,737,2018-01-07,16451.0
738,738,2018-01-08,14576.43
739,739,2018-01-09,14699.0
740,740,2018-01-10,14400.01
741,741,2018-01-11,13983.73
742,742,2018-01-12,13589.01
743,743,2018-01-13,14250.0
744,744,2018-01-14,13220.59
745,745,2018-01-15,14049.99
746,746,2018-01-16,12265.25
747,747,2018-01-17,9456.72
748,748,2018-01-18,12060.01
749,749,2018-01-19,11550.49
750,750,2018-01-20,12568.97
751,751,2018-01-21,11545.26
752,752,2018-01-22,10399.99
753,753,2018-01-23,10754.1
754,754,2018-01-24,11040.01
755,755,2018-01-25,10938.99
756,756,2018-01-26,11020.0
757,757,2018-01-27,11484.57
758,758,2018-01-28,11500.0
759,759,2018-01-29,11075.0
760,760,2018-01-30,10295.97
761,761,2018-01-31,9930.02
762,762,2018-02-01,9213.38
763,763,2018-02-02,8950.0
764,764,2018-02-03,9206.76
765,765,2018-02-04,8379.58
766,766,2018-02-05,7314.12
767,767,2018-02-06,7297.59
768,768,2018-02-07,8219.51
769,769,2018-02-08,8229.45
770,770,2018-02-09,8292.53
771,771,2018-02-10,8374.45
772,772,2018-02-11,8433.1
773,773,2018-02-12,8647.74
774,774,2018-02-13,8498.89
775,775,2018-02-14,9346.71
776,776,2018-02-15,9848.02
777,777,2018-02-16,10051.5
778,778,2018-02-17,10760.57
779,779,2018-02-18,10697.99
780,780,2018-02-19,11181.91
781,781,2018-02-20,11508.39
782,782,2018-02-21,10594.2
783,783,2018-02-22,10015.0
784,784,2018-02-23,10326.0
785,785,2018-02-24,9756.26
786,786,2018-02-25,9428.0
787,787,2018-02-26,10225.0
788,788,2018-02-27,10576.43
789,789,2018-02-28,10507.25
790,790,2018-03-01,10705.0
791,791,2018-03-02,10847.79
792,792,2018-03-03,11464.04
793,793,2018-03-04,11132.84
794,794,2018-03-05,11499.43
795,795,2018-03-06,10978.01
796,796,2018-03-07,10658.86
797,797,2018-03-08,9919.0
798,798,2018-03-09,8977.0
799,799,2018-03-10,9380.29
800,800,2018-03-11,9091.06
801,801,2018-03-12,9177.46
802,802,2018-03-13,9086.45
803,803,2018-03-14,8733.02
804,804,2018-03-15,8104.67
805,805,2018-03-16,8540.75
806,806,2018-03-17,7902.96
807,807,2018-03-18,7386.0
808,808,2018-03-19,8565.5
809,809,2018-03-20,8525.77
810,810,2018-03-21,9042.95
811,811,2018-03-22,8606.9
812,812,2018-03-23,8643.89
813,813,2018-03-24,8940.0
814,814,2018-03-25,8475.97
815,815,2018-03-26,8086.04
816,816,2018-03-27,8057.67
817,817,2018-03-28,7860.36
818,818,2018-03-29,7476.43
819,819,2018-03-30,6780.31
820,820,2018-03-31,7047.2
821,821,2018-04-01,6450.0
822,822,2018-04-02,7030.0
823,823,2018-04-03,7381.39
824,824,2018-04-04,6780.57
825,825,2018-04-05,6746.36
826,826,2018-04-06,6597.02
827,827,2018-04-07,7000.61
828,828,2018-04-08,7038.77
829,829,2018-04-09,6730.0
830,830,2018-04-10,6828.43
831,831,2018-04-11,6930.4
832,832,2018-04-12,7624.52
833,833,2018-04-13,8140.0
834,834,2018-04-14,7962.7
835,835,2018-04-15,8276.68
836,836,2018-04-16,7973.46
837,837,2018-04-17,8080.89
838,838,2018-04-18,8000.0
839,839,2018-04-19,8222.24
840,840,2018-04-20,8467.96
841,841,2018-04-21,8816.25
842,842,2018-04-22,8932.4
843,843,2018-04-23,8900.01
844,844,2018-04-24,9357.42
845,845,2018-04-25,8965.24
846,846,2018-04-26,8800.0
847,847,2018-04-27,9230.0
848,848,2018-04-28,9347.51
849,849,2018-04-29,9322.91
850,850,2018-04-30,9280.0
851,851,2018-05-01,8907.01
852,852,2018-05-02,9134.99
853,853,2018-05-03,9400.51
854,854,2018-05-04,9590.09
855,855,2018-05-05,9900.0
856,856,2018-05-06,9461.37
857,857,2018-05-07,9347.76
858,858,2018-05-08,9160.0
859,859,2018-05-09,9279.85
860,860,2018-05-10,9326.82
861,861,2018-05-11,8563.0
862,862,2018-05-12,8352.5
863,863,2018-05-13,8618.5
864,864,2018-05-14,8781.77
865,865,2018-05-15,8530.79
866,866,2018-05-16,8278.88
867,867,2018-05-17,8303.31
868,868,2018-05-18,8115.0
869,869,2018-05-19,8311.28
870,870,2018-05-20,8375.0
871,871,2018-05-21,8412.0
872,872,2018-05-22,8229.91
873,873,2018-05-23,7707.24
874,874,2018-05-24,7565.7
875,875,2018-05-25,7502.35
876,876,2018-05-26,7539.52
877,877,2018-05-27,7339.71
878,878,2018-05-28,7224.86
879,879,2018-05-29,7424.9
880,880,2018-05-30,7336.0
881,881,2018-05-31,7557.65
882,882,2018-06-01,7440.24
883,883,2018-06-02,7618.81
884,884,2018-06-03,7725.5
885,885,2018-06-04,7499.01
886,886,2018-06-05,7579.97
887,887,2018-06-06,7655.0
888,888,2018-06-07,7685.01
889,889,2018-06-08,7630.06
890,890,2018-06-09,7612.99
891,891,2018-06-10,7239.06
892,892,2018-06-11,6710.7
893,893,2018-06-12,6759.99
894,894,2018-06-13,6372.34
895,895,2018-06-14,6340.05
896,896,2018-06-15,6547.31
897,897,2018-06-16,6368.01
898,898,2018-06-17,6517.54
899,899,2018-06-18,6455.0
900,900,2018-06-19,6743.0
901,901,2018-06-20,6749.49
902,902,2018-06-21,6716.32
903,903,2018-06-22,6159.99
904,904,2018-06-23,6113.63
905,905,2018-06-24,5779.74
906,906,2018-06-25,6287.3
907,907,2018-06-26,6185.0
908,908,2018-06-27,6101.95
909,909,2018-06-28,6098.01
910,910,2018-06-29,5902.85
911,911,2018-06-30,6375.93
912,912,2018-07-01,6319.87
913,913,2018-07-02,6610.99
914,914,2018-07-03,6584.82
915,915,2018-07-04,6683.99
916,916,2018-07-05,6612.02
917,917,2018-07-06,6565.73
918,918,2018-07-07,6558.69
919,919,2018-07-08,6737.86
920,920,2018-07-09,6720.0
921,921,2018-07-10,6384.13
922,922,2018-07-11,6359.39
923,923,2018-07-12,6167.01
924,924,2018-07-13,6259.72
925,925,2018-07-14,6244.7
926,926,2018-07-15,6367.05
927,927,2018-07-16,6629.52
928,928,2018-07-17,6775.24
929,929,2018-07-18,7423.19
930,930,2018-07-19,7377.86
931,931,2018-07-20,7459.84
932,932,2018-07-21,7406.39
933,933,2018-07-22,7523.0
934,934,2018-07-23,7726.63
935,935,2018-07-24,8176.38
936,936,2018-07-25,8098.88
937,937,2018-07-26,8200.0
938,938,2018-07-27,8143.47
939,939,2018-07-28,8108.16
940,940,2018-07-29,8223.3
941,941,2018-07-30,8114.83
942,942,2018-07-31,7745.0
943,943,2018-08-01,7595.21
944,944,2018-08-02,7517.49
945,945,2018-08-03,7474.46
946,946,2018-08-04,6978.03
947,947,2018-08-05,6997.9
948,948,2018-08-06,6966.48
949,949,2018-08-07,7115.32
950,950,2018-08-08,6479.75
951,951,2018-08-09,6440.0
952,952,2018-08-10,6452.57
953,953,2018-08-11,6115.95
954,954,2018-08-12,6323.08
955,955,2018-08-13,6292.05
956,956,2018-08-14,6043.13
957,957,2018-08-15,6442.66
958,958,2018-08-16,6409.11
959,959,2018-08-17,6477.33
960,960,2018-08-18,6353.06
961,961,2018-08-19,6400.01
962,962,2018-08-20,6439.67
963,963,2018-08-21,6422.5
964,964,2018-08-22,6444.84
965,965,2018-08-23,6503.43
966,966,2018-08-24,6562.02
967,967,2018-08-25,6620.610000000002
968,968,2018-08-26,6679.2
969,969,2018-08-27,6740.0
970,970,2018-08-28,7043.71
971,971,2018-08-29,6971.71
972,972,2018-08-30,6854.75
973,973,2018-08-31,6955.43
974,974,2018-09-01,7172.99
975,975,2018-09-02,7217.04
976,976,2018-09-03,7274.45
977,977,2018-09-04,7358.78
978,978,2018-09-05,6983.56
979,979,2018-09-06,6410.03
980,980,2018-09-07,6378.82
981,981,2018-09-08,6434.14
982,982,2018-09-09,6379.8
983,983,2018-09-10,6290.62
984,984,2018-09-11,6250.0
985,985,2018-09-12,6262.61
986,986,2018-09-13,6480.22
987,987,2018-09-14,6478.17
988,988,2018-09-15,6535.89
989,989,2018-09-16,6473.02
990,990,2018-09-17,6259.69
991,991,2018-09-18,6359.52
992,992,2018-09-19,6322.65
993,993,2018-09-20,6412.14
994,994,2018-09-21,6685.76
995,995,2018-09-22,6679.31
996,996,2018-09-23,6694.99
997,997,2018-09-24,6601.74
998,998,2018-09-25,6398.01
999,999,2018-09-26,6523.53
1000,1000,2018-09-27,6481.27
1001,1001,2018-09-28,6646.99
1002,1002,2018-09-29,6566.26
1003,1003,2018-09-30,6589.26
1004,1004,2018-10-01,6546.31
1005,1005,2018-10-02,6527.56
1006,1006,2018-10-03,6465.0
1007,1007,2018-10-04,6540.0
1008,1008,2018-10-05,6546.53
1009,1009,2018-10-06,6550.0
1010,1010,2018-10-07,6538.98
1011,1011,2018-10-08,6614.73
1012,1012,2018-10-09,6569.98
1013,1013,2018-10-10,6494.0
1014,1014,2018-10-11,6197.16
1015,1015,2018-10-12,6224.63
1016,1016,2018-10-13,6207.99
1017,1017,2018-10-14,6238.53
1018,1018,2018-10-15,6385.0
1019,1019,2018-10-16,6434.98
1020,1020,2018-10-17,6439.96
1021,1021,2018-10-18,6438.61
1022,1022,2018-10-19,6380.73
1023,1023,2018-10-20,6395.89
1024,1024,2018-10-21,6445.0
1025,1025,2018-10-22,6391.99
1026,1026,2018-10-23,6383.66
1027,1027,2018-10-24,6412.8
1028,1028,2018-10-25,6392.01
1029,1029,2018-10-26,6394.93
1030,1030,2018-10-27,6393.53
1031,1031,2018-10-28,6396.89
1032,1032,2018-10-29,6278.72
1033,1033,2018-10-30,6262.87
1034,1034,2018-10-31,6326.88
1035,1035,2018-11-01,6297.2
1036,1036,2018-11-02,6356.97
1037,1037,2018-11-03,6329.28
1038,1038,2018-11-04,6430.0
1039,1039,2018-11-05,6406.03
1040,1040,2018-11-06,6425.0
1041,1041,2018-11-07,6496.26
1042,1042,2018-11-08,6454.31
1043,1043,2018-11-09,6343.4
1044,1044,2018-11-10,6363.98
1045,1045,2018-11-11,6309.98
1046,1046,2018-11-12,6353.12
1047,1047,2018-11-13,6285.5
1048,1048,2018-11-14,6063.26
1049,1049,2018-11-15,5461.89
1050,1050,2018-11-16,5370.315217391305
1051,1051,2018-11-17,5278.74043478261
1052,1052,2018-11-18,5187.165652173914
1053,1053,2018-11-19,5095.590869565219
1054,1054,2018-11-20,5004.0160869565225
1055,1055,2018-11-21,4912.441304347828
1056,1056,2018-11-22,4820.8665217391335
1057,1057,2018-11-23,4729.291739130437
1058,1058,2018-11-24,4637.716956521742
1059,1059,2018-11-25,4546.1421739130465
1060,1060,2018-11-26,4454.56739130435
1061,1061,2018-11-27,4362.992608695655
1062,1062,2018-11-28,4271.417826086959
1063,1063,2018-11-29,4179.843043478261
1064,1064,2018-11-30,4088.2682608695673
1065,1065,2018-12-01,3996.693478260871
1066,1066,2018-12-02,3905.118695652175
1067,1067,2018-12-03,3813.543913043479
1068,1068,2018-12-04,3721.9691304347825
1069,1069,2018-12-05,3630.394347826087
1070,1070,2018-12-06,3538.8195652173913
1071,1071,2018-12-07,3447.2447826086955
1072,1072,2018-12-08,3355.67
1073,1073,2018-12-09,3560.3
1074,1074,2018-12-10,3410.83
1075,1075,2018-12-11,3324.95
1076,1076,2018-12-12,3447.95
1077,1077,2018-12-13,3396.62
1078,1078,2018-12-14,3226.66
1079,1079,2018-12-15,3141.73
1080,1080,2018-12-16,3208.13
1081,1081,2018-12-17,3397.01
1082,1082,2018-12-18,3510.84
1083,1083,2018-12-19,3772.19
1084,1084,2018-12-20,4020.6
1085,1085,2018-12-21,3970.02
1086,1086,2018-12-22,3829.08
1087,1087,2018-12-23,3932.08
1088,1088,2018-12-24,4055.91
1089,1089,2018-12-25,3722.88
1090,1090,2018-12-26,3729.98
1091,1091,2018-12-27,3739.56
1092,1092,2018-12-28,3825.14
1093,1093,2018-12-29,3870.0
1094,1094,2018-12-30,3794.71
1095,1095,2018-12-31,3766.0
1096,1096,2019-01-01,3679.96
1097,1097,2019-01-02,3817.93
1098,1098,2019-01-03,3840.37
1099,1099,2019-01-04,3750.95
1100,1100,2019-01-05,3825.08
1101,1101,2019-01-06,3826.77
1102,1102,2019-01-07,4011.11
1103,1103,2019-01-08,4033.52
1104,1104,2019-01-09,3990.0
1105,1105,2019-01-10,3781.46
1106,1106,2019-01-11,3636.55
1107,1107,2019-01-12,3628.63
1108,1108,2019-01-13,3613.09
1109,1109,2019-01-14,3669.66
1110,1110,2019-01-15,3637.4966666666655
1111,1111,2019-01-16,3612.85
1112,1112,2019-01-17,3614.7
1113,1113,2019-01-18,3626.43
1114,1114,2019-01-19,3705.77
1115,1115,2019-01-20,3521.38
1116,1116,2019-01-21,3539.9
1117,1117,2019-01-22,3583.09
1118,1118,2019-01-23,3552.75
1119,1119,2019-01-24,3557.33
1120,1120,2019-01-25,3565.12
1121,1121,2019-01-26,3552.73
1122,1122,2019-01-27,3537.27
1123,1123,2019-01-28,3416.08
1124,1124,2019-01-29,3403.01
1125,1125,2019-01-30,3442.72
1126,1126,2019-01-31,3411.45
1127,1127,2019-02-01,3430.69
1128,1128,2019-02-02,3426.255
1129,1129,2019-02-03,3421.82
1130,1130,2019-02-04,3411.69
1131,1131,2019-02-05,3420.39
1132,1132,2019-02-06,3371.5
1133,1133,2019-02-07,3364.7
1134,1134,2019-02-08,3454.76
1135,1135,2019-02-09,3605.77
1136,1136,2019-02-10,3596.0
1137,1137,2019-02-11,3599.69
1138,1138,2019-02-12,3573.25
1139,1139,2019-02-13,3565.01
1140,1140,2019-02-14,3567.47
1141,1141,2019-02-15,3582.345
1142,1142,2019-02-16,3597.22
1143,1143,2019-02-17,3569.8
1144,1144,2019-02-18,3805.33
1145,1145,2019-02-19,3957.17
1146,1146,2019-02-20,3910.0
1147,1147,2019-02-21,3894.56
1148,1148,2019-02-22,3931.33
1149,1149,2019-02-23,3925.27
1150,1150,2019-02-24,3778.31
1151,1151,2019-02-25,3793.08
1152,1152,2019-02-26,3809.41
1153,1153,2019-02-27,3797.64
1154,1154,2019-02-28,3844.27
1155,1155,2019-03-01,3815.8
1156,1156,2019-03-02,3801.1
1157,1157,2019-03-03,3789.59
1158,1158,2019-03-04,3701.83
1159,1159,2019-03-05,3824.98
1160,1160,2019-03-06,3850.0
1161,1161,2019-03-07,3865.0
1162,1162,2019-03-08,3886.66
1163,1163,2019-03-09,3925.0
1164,1164,2019-03-10,3889.93
1165,1165,2019-03-11,3835.04
1166,1166,2019-03-12,3848.06
1167,1167,2019-03-13,3850.54
1168,1168,2019-03-14,3855.95
1169,1169,2019-03-15,3902.37
1170,1170,2019-03-16,3976.26
1171,1171,2019-03-17,3971.75
1172,1172,2019-03-18,3966.84
1173,1173,2019-03-19,3980.72
1174,1174,2019-03-20,4000.0
1175,1175,2019-03-21,3964.81
1176,1176,2019-03-22,3970.83
1177,1177,2019-03-23,3976.85
1178,1178,2019-03-24,3970.51
1179,1179,2019-03-25,3950.0
1180,1180,2019-03-26,3916.36
1181,1181,2019-03-27,4011.98
1182,1182,2019-03-28,4017.3
1183,1183,2019-03-29,4043.44
1184,1184,2019-03-30,4069.58
1185,1185,2019-03-31,4088.23
1186,1186,2019-04-01,4137.89
1187,1187,2019-04-02,4749.38
1188,1188,2019-04-03,5012.75
1189,1189,2019-04-04,5005.62
1190,1190,2019-04-05,4992.2
1191,1191,2019-04-06,5119.63
1192,1192,2019-04-07,5119.34
1193,1193,2019-04-08,5235.27
1194,1194,2019-04-09,5210.03
1195,1195,2019-04-10,5280.0
1196,1196,2019-04-11,5040.0
1197,1197,2019-04-12,5065.165
1198,1198,2019-04-13,5090.33
1199,1199,2019-04-14,5078.62
1200,1200,2019-04-15,5157.48
1201,1201,2019-04-16,5083.62
1202,1202,2019-04-17,5207.91
1203,1203,2019-04-18,5253.23
1204,1204,2019-04-19,5282.01
1205,1205,2019-04-20,5317.22
1206,1206,2019-04-21,5285.0
1207,1207,2019-04-22,5310.06
1208,1208,2019-04-23,5565.94
1209,1209,2019-04-24,5460.97
1210,1210,2019-04-25,5459.68
1211,1211,2019-04-26,5136.17
1212,1212,2019-04-27,5160.02
1213,1213,2019-04-28,5195.45
1214,1214,2019-04-29,5140.54
1215,1215,2019-04-30,5258.94
1216,1216,2019-05-01,5297.5
1217,1217,2019-05-02,5407.0
1218,1218,2019-05-03,5714.0
1219,1219,2019-05-04,5553.23
1220,1220,2019-05-05,5713.05
1221,1221,2019-05-06,5655.57
1222,1222,2019-05-07,5864.81
1223,1223,2019-05-08,5890.68
1224,1224,2019-05-09,5993.14
1225,1225,2019-05-10,6468.4050000000025
1226,1226,2019-05-11,6943.67
1227,1227,2019-05-12,6862.06
1228,1228,2019-05-13,7835.41
1229,1229,2019-05-14,7938.18
1230,1230,2019-05-15,8021.32
1231,1231,2019-05-16,8024.22
1232,1232,2019-05-17,7090.0
1233,1233,2019-05-18,7358.13
1234,1234,2019-05-19,7996.52
1235,1235,2019-05-20,7838.94
1236,1236,2019-05-21,7930.92
1237,1237,2019-05-22,7982.02
1238,1238,2019-05-23,7777.28
1239,1239,2019-05-24,8111.69
1240,1240,2019-05-25,8069.21
1241,1241,2019-05-26,8024.64
1242,1242,2019-05-27,8857.38
1243,1243,2019-05-28,8703.0
1244,1244,2019-05-29,8701.01
1245,1245,2019-05-30,8934.06
1246,1246,2019-05-31,8736.965
1247,1247,2019-06-01,8539.87
1248,1248,2019-06-02,8709.82
1249,1249,2019-06-03,8487.03
1250,1250,2019-06-04,7933.5
1251,1251,2019-06-05,7642.72
1252,1252,2019-06-06,7707.37
1253,1253,2019-06-07,7945.81
1254,1254,2019-06-08,7951.26
1255,1255,2019-06-09,7752.86
1256,1256,2019-06-10,7945.35
1257,1257,2019-06-11,7792.81
1258,1258,2019-06-12,8194.98
1259,1259,2019-06-13,8305.15
1260,1260,2019-06-14,8415.32
1261,1261,2019-06-15,8800.04
1262,1262,2019-06-16,9236.52
1263,1263,2019-06-17,9187.84
1264,1264,2019-06-18,9085.0
1265,1265,2019-06-19,9096.16
1266,1266,2019-06-20,9386.16
1267,1267,2019-06-21,9805.01
1268,1268,2019-06-22,10812.45
1269,1269,2019-06-23,10701.0
1270,1270,2019-06-24,10918.44
1271,1271,2019-06-25,11351.99
1272,1272,2019-06-26,12830.1
1273,1273,2019-06-27,11631.43
1274,1274,2019-06-28,11899.96
1275,1275,2019-06-29,11869.16
1276,1276,2019-06-30,11051.31
1277,1277,2019-07-01,10825.085
1278,1278,2019-07-02,10598.86
1279,1279,2019-07-03,11466.89
1280,1280,2019-07-04,11771.11
1281,1281,2019-07-05,11265.58
1282,1282,2019-07-06,11632.9
1283,1283,2019-07-07,11254.97
1284,1284,2019-07-08,11173.763333333332
1285,1285,2019-07-09,11092.556666666665
1286,1286,2019-07-10,11011.35
1287,1287,2019-07-11,10930.143333333332
1288,1288,2019-07-12,10848.936666666665
1289,1289,2019-07-13,10767.73
1290,1290,2019-07-14,10686.523333333333
1291,1291,2019-07-15,10605.316666666666
1292,1292,2019-07-16,10524.11
1293,1293,2019-07-17,9755.0
1294,1294,2019-07-18,10475.96
1295,1295,2019-07-19,10413.35
1296,1296,2019-07-20,10667.76
1297,1297,2019-07-21,10471.77
1298,1298,2019-07-22,10233.57
1299,1299,2019-07-23,9939.13
1300,1300,2019-07-24,9906.0
1301,1301,2019-07-25,9853.65
1302,1302,2019-07-26,9801.3
1303,1303,2019-07-27,9429.8
1304,1304,2019-07-28,9509.63
1305,1305,2019-07-29,9514.89
1306,1306,2019-07-30,9695.64
1307,1307,2019-07-31,10057.66
1308,1308,2019-08-01,10025.0
1309,1309,2019-08-02,10617.66
1310,1310,2019-08-03,10760.55
1311,1311,2019-08-04,10980.01
1312,1312,2019-08-05,11775.03
1313,1313,2019-08-06,11702.27
1314,1314,2019-08-07,11650.0
1315,1315,2019-08-08,11686.52
1316,1316,2019-08-09,11723.04
1317,1317,2019-08-10,11388.95
1318,1318,2019-08-11,11376.43
1319,1319,2019-08-12,11374.99
1320,1320,2019-08-13,10898.44
1321,1321,2019-08-14,10471.16
1322,1322,2019-08-15,10089.72
1323,1323,2019-08-16,10382.62
1324,1324,2019-08-17,10329.74
1325,1325,2019-08-18,10396.93
1326,1326,2019-08-19,10724.45
1327,1327,2019-08-20,10728.23
1328,1328,2019-08-21,9970.31
1329,1329,2019-08-22,10189.805
1330,1330,2019-08-23,10409.3
1331,1331,2019-08-24,10000.01
1332,1332,2019-08-25,10063.38
1333,1333,2019-08-26,10325.62
1334,1334,2019-08-27,10180.83
1335,1335,2019-08-28,10238.78
1336,1336,2019-08-29,9500.0
1337,1337,2019-08-30,9589.13
1338,1338,2019-08-31,9602.2
1339,1339,2019-09-01,9630.32
1340,1340,2019-09-02,9904.87
1341,1341,2019-09-03,10687.81
1342,1342,2019-09-04,10417.86
1343,1343,2019-09-05,10440.09
1344,1344,2019-09-06,10462.32
1345,1345,2019-09-07,10484.55
1346,1346,2019-09-08,10410.01
1347,1347,2019-09-09,10322.64
1348,1348,2019-09-10,10166.22
1349,1349,2019-09-11,9977.85
1350,1350,2019-09-12,10332.07
1351,1351,2019-09-13,10315.83
1352,1352,2019-09-14,10378.62
1353,1353,2019-09-15,10319.0
1354,1354,2019-09-16,10111.76
1355,1355,2019-09-17,10210.28
1356,1356,2019-09-18,10171.6
1357,1357,2019-09-19,10171.6
1358,1358,2019-09-20,10171.6
1359,1359,2019-09-21,10039.81
1360,1360,2019-09-22,9993.51
1361,1361,2019-09-23,9857.81
1362,1362,2019-09-24,9506.16
1363,1363,2019-09-25,8290.01
1364,1364,2019-09-26,7915.6
1365,1365,2019-09-27,7991.7
1366,1366,2019-09-28,8091.3
1367,1367,2019-09-29,7969.01
1368,1368,2019-09-30,8293.33
1369,1369,2019-10-01,8394.0
1370,1370,2019-10-02,8249.43
1371,1371,2019-10-03,8204.505000000001
1372,1372,2019-10-04,8159.58
1373,1373,2019-10-05,8081.16
1374,1374,2019-10-06,8022.6
1375,1375,2019-10-07,8197.46
1376,1376,2019-10-08,8192.09
1377,1377,2019-10-09,8574.49
1378,1378,2019-10-10,8558.51
1379,1379,2019-10-11,8351.44
1380,1380,2019-10-12,8399.0
1381,1381,2019-10-13,8423.07
1382,1382,2019-10-14,8260.46
1383,1383,2019-10-15,8329.35
1384,1384,2019-10-16,7949.67
1385,1385,2019-10-17,8081.0
1386,1386,2019-10-18,7918.66
1387,1387,2019-10-19,7991.86
1388,1388,2019-10-20,8032.74
1389,1389,2019-10-21,8188.9
1390,1390,2019-10-22,8219.55
1391,1391,2019-10-23,7433.42
1392,1392,2019-10-24,7861.62
1393,1393,2019-10-25,8289.82
1394,1394,2019-10-26,9201.12
1395,1395,2019-10-27,9555.0
1396,1396,2019-10-28,9405.0
1397,1397,2019-10-29,9363.0
1398,1398,2019-10-30,9100.19
1399,1399,2019-10-31,9235.87
1400,1400,2019-11-01,9100.39
1401,1401,2019-11-02,9335.97
1402,1402,2019-11-03,9183.8
1403,1403,2019-11-04,9307.65
1404,1404,2019-11-05,9378.01
1405,1405,2019-11-06,9340.49
1406,1406,2019-11-07,9177.98
1407,1407,2019-11-08,8796.62
1408,1408,2019-11-09,8801.4
1409,1409,2019-11-10,8804.87
1410,1410,2019-11-11,8701.87
1411,1411,2019-11-12,8717.495
1412,1412,2019-11-13,8733.12
1413,1413,2019-11-14,8613.19
1414,1414,2019-11-15,8466.75
1415,1415,2019-11-16,8487.03
1416,1416,2019-11-17,8530.02
1417,1417,2019-11-18,8394.16
1418,1418,2019-11-19,8093.07
1419,1419,2019-11-20,8114.16
1420,1420,2019-11-21,7619.59
1421,1421,2019-11-22,7125.02
1422,1422,2019-11-23,7304.63
1423,1423,2019-11-24,6985.11
1424,1424,2019-11-25,7256.46
1425,1425,2019-11-26,7100.19
1426,1426,2019-11-27,7321.93
1427,1427,2019-11-28,7616.09
1428,1428,2019-11-29,7817.38
1429,1429,2019-11-30,7548.36
1430,1430,2019-12-01,7294.18
1431,1431,2019-12-02,7310.45
1432,1432,2019-12-03,7341.23
1433,1433,2019-12-04,7472.2
1434,1434,2019-12-05,7342.39
1435,1435,2019-12-06,7375.38
1436,1436,2019-12-07,7523.61
1437,1437,2019-12-08,7560.59
1438,1438,2019-12-09,7428.17
1439,1439,2019-12-10,7236.0
1440,1440,2019-12-11,7172.1
1441,1441,2019-12-12,7210.700000000003
1442,1442,2019-12-13,7249.3
1443,1443,2019-12-14,7053.25
1444,1444,2019-12-15,7110.66
1445,1445,2019-12-16,7075.24
1446,1446,2019-12-17,6690.01
1447,1447,2019-12-18,6824.33
1448,1448,2019-12-19,6988.315000000001
1449,1449,2019-12-20,7152.3
1450,1450,2019-12-21,7141.39
1451,1451,2019-12-22,7189.81
1452,1452,2019-12-23,7585.82
1453,1453,2019-12-24,7265.24
1454,1454,2019-12-25,7179.92
1455,1455,2019-12-26,7225.81
1456,1456,2019-12-27,7215.15
1457,1457,2019-12-28,7294.6
1458,1458,2019-12-29,7378.18
1459,1459,2019-12-30,7235.05
1460,1460,2019-12-31,7175.76
1461,1461,2020-01-01,7211.26
1462,1462,2020-01-02,7113.11
1463,1463,2020-01-03,7311.02
1464,1464,2020-01-04,7304.97
1465,1465,2020-01-05,7458.77
1466,1466,2020-01-06,7517.17
1467,1467,2020-01-07,7761.78
1468,1468,2020-01-08,8300.74
1469,1469,2020-01-09,8181.735
1470,1470,2020-01-10,8062.73
1471,1471,2020-01-11,8093.89
1472,1472,2020-01-12,8151.0
1473,1473,2020-01-13,8072.96
1474,1474,2020-01-14,8689.03
1475,1475,2020-01-15,8747.27
1476,1476,2020-01-16,8696.27
1477,1477,2020-01-17,8842.75
1478,1478,2020-01-18,8887.8
1479,1479,2020-01-19,8627.06
1480,1480,2020-01-20,8659.83
1481,1481,2020-01-21,8630.0
1482,1482,2020-01-22,8635.27
1483,1483,2020-01-23,8567.635
1484,1484,2020-01-24,8500.0
1485,1485,2020-01-25,8322.74
1486,1486,2020-01-26,8426.13
1487,1487,2020-01-27,8757.19
1488,1488,2020-01-28,9015.0
1489,1489,2020-01-29,9274.49
1490,1490,2020-01-30,9363.3
1491,1491,2020-01-31,9315.94
1492,1492,2020-02-01,9319.39
1493,1493,2020-02-02,9455.62
1494,1494,2020-02-03,9263.22
1495,1495,2020-02-04,9176.47
1496,1496,2020-02-05,9477.16
1497,1497,2020-02-06,9629.845
1498,1498,2020-02-07,9782.53
1499,1499,2020-02-08,9847.09
1500,1500,2020-02-09,10107.83
1501,1501,2020-02-10,9867.19
1502,1502,2020-02-11,10209.12
1503,1503,2020-02-12,10350.0
1504,1504,2020-02-13,10253.91
1505,1505,2020-02-14,10262.68
1506,1506,2020-02-15,9978.22
1507,1507,2020-02-16,9870.08
1508,1508,2020-02-17,9651.49
1509,1509,2020-02-18,9858.64
1510,1510,2020-02-19,10132.3
1511,1511,2020-02-20,9934.23
1512,1512,2020-02-21,9736.16
1513,1513,2020-02-22,9649.91
1514,1514,2020-02-23,9895.0
1515,1515,2020-02-24,9707.95
1516,1516,2020-02-25,9375.01
1517,1517,2020-02-26,8987.69
1518,1518,2020-02-27,8852.35
1519,1519,2020-02-28,8710.95
1520,1520,2020-02-29,8673.23
1521,1521,2020-03-01,8548.33
1522,1522,2020-03-02,8824.27
1523,1523,2020-03-03,8752.61
1524,1524,2020-03-04,8703.65
1525,1525,2020-03-05,9099.4
1526,1526,2020-03-06,9038.07
1527,1527,2020-03-07,9133.19
1528,1528,2020-03-08,8400.31
1529,1529,2020-03-09,7742.41
1530,1530,2020-03-10,7765.39
1531,1531,2020-03-11,7778.54
1532,1532,2020-03-12,6126.96
1533,1533,2020-03-13,5236.95
1534,1534,2020-03-14,5320.05
1535,1535,2020-03-15,5308.37
1536,1536,2020-03-16,5155.57
1537,1537,2020-03-17,5399.98
1538,1538,2020-03-18,5351.49
1539,1539,2020-03-19,5930.68
1540,1540,2020-03-20,6622.52
1541,1541,2020-03-21,6224.24
1542,1542,2020-03-22,6093.11
1543,1543,2020-03-23,6247.44
1544,1544,2020-03-24,6622.31
1545,1545,2020-03-25,6651.15
1546,1546,2020-03-26,6645.945
1547,1547,2020-03-27,6640.74
1548,1548,2020-03-28,6231.23
1549,1549,2020-03-29,6136.74
1550,1550,2020-03-30,6359.18
1551,1551,2020-03-31,6469.77
1552,1552,2020-04-01,6244.7
1553,1553,2020-04-02,6810.09
1554,1554,2020-04-03,6721.83
1555,1555,2020-04-04,6738.6
1556,1556,2020-04-05,6791.57
1557,1557,2020-04-06,7153.28
1558,1558,2020-04-07,7331.78
1559,1559,2020-04-08,7283.45
1560,1560,2020-04-09,7029.225
1561,1561,2020-04-10,6775.0
1562,1562,2020-04-11,6842.64
1563,1563,2020-04-12,7035.37
1564,1564,2020-04-13,6783.3
1565,1565,2020-04-14,6925.55
1566,1566,2020-04-15,6703.37
1567,1567,2020-04-16,7063.73
1568,1568,2020-04-17,7053.9
1569,1569,2020-04-18,7249.24
1570,1570,2020-04-19,7110.99
1571,1571,2020-04-20,7086.74
1572,1572,2020-04-21,6842.5
1573,1573,2020-04-22,7126.9
1574,1574,2020-04-23,7319.33
1575,1575,2020-04-24,7511.76
1576,1576,2020-04-25,7518.03
1577,1577,2020-04-26,7551.66
1578,1578,2020-04-27,7689.0
1579,1579,2020-04-28,7723.94
1580,1580,2020-04-29,8381.76
1581,1581,2020-04-30,8785.51
1582,1582,2020-05-01,8731.17
1583,1583,2020-05-02,8944.95
1584,1584,2020-05-03,8821.0
1585,1585,2020-05-04,8853.33
1586,1586,2020-05-05,8851.32
1587,1587,2020-05-06,9283.92
1588,1588,2020-05-07,9525.26
1589,1589,2020-05-08,9956.32
1590,1590,2020-05-09,9688.41
1591,1591,2020-05-10,8655.63
1592,1592,2020-05-11,8889.21
1593,1593,2020-05-12,8875.08
1594,1594,2020-05-13,9148.88
1595,1595,2020-05-14,9311.21
1596,1596,2020-05-15,9473.54
1597,1597,2020-05-16,9369.48
1598,1598,2020-05-17,9827.74
1599,1599,2020-05-18,9661.03
1600,1600,2020-05-19,9684.19
1601,1601,2020-05-20,9403.92
1602,1602,2020-05-21,9071.88
1603,1603,2020-05-22,9220.05
1604,1604,2020-05-23,9182.87
1605,1605,2020-05-24,9054.01
1606,1606,2020-05-25,8776.53
1607,1607,2020-05-26,8716.72
1608,1608,2020-05-27,9145.1
1609,1609,2020-05-28,9277.165
1610,1610,2020-05-29,9409.23
1611,1611,2020-05-30,9538.98
1612,1612,2020-05-31,9484.29
1613,1613,2020-06-01,9544.43
1614,1614,2020-06-02,9464.8
1615,1615,2020-06-03,9560.12
1616,1616,2020-06-04,9832.95
1617,1617,2020-06-05,9719.87
1618,1618,2020-06-06,9653.8
1619,1619,2020-06-07,9495.29
1620,1620,2020-06-08,9707.5
1621,1621,2020-06-09,9729.04
1622,1622,2020-06-10,9764.92
1623,1623,2020-06-11,9512.7
1624,1624,2020-06-12,9413.99
1625,1625,2020-06-13,9434.94
1626,1626,2020-06-14,9414.94
1627,1627,2020-06-15,9303.87
1628,1628,2020-06-16,9445.22
1629,1629,2020-06-17,9393.28
1630,1630,2020-06-18,9384.465
1631,1631,2020-06-19,9375.65
1632,1632,2020-06-20,9253.84
1633,1633,2020-06-21,9363.91
1634,1634,2020-06-22,9497.77
1635,1635,2020-06-23,9690.01
1636,1636,2020-06-24,9240.77
1637,1637,2020-06-25,9233.75
1638,1638,2020-06-26,9146.6
1639,1639,2020-06-27,9122.77
1640,1640,2020-06-28,9154.5
1641,1641,2020-06-29,9126.41
1642,1642,2020-06-30,9168.01
1643,1643,2020-07-01,9269.68
1644,1644,2020-07-02,9186.065
1645,1645,2020-07-03,9102.45
1646,1646,2020-07-04,9069.04
1647,1647,2020-07-05,9030.0
1648,1648,2020-07-06,9305.0
1649,1649,2020-07-07,9278.06
1650,1650,2020-07-08,9415.76
1651,1651,2020-07-09,9210.13
1652,1652,2020-07-10,9244.66
1653,1653,2020-07-11,9230.65
1654,1654,2020-07-12,9221.52
1655,1655,2020-07-13,9290.4
1656,1656,2020-07-14,9222.62
1657,1657,2020-07-15,9207.43
1658,1658,2020-07-16,9176.53
1659,1659,2020-07-17,9145.63
1660,1660,2020-07-18,9179.73
1661,1661,2020-07-19,9124.75
1662,1662,2020-07-20,9179.01
1663,1663,2020-07-21,9337.48
1664,1664,2020-07-22,9346.55
1665,1665,2020-07-23,9540.8
1666,1666,2020-07-24,9561.58
1667,1667,2020-07-25,9609.45
1668,1668,2020-07-26,9979.32
1669,1669,2020-07-27,10316.66
1670,1670,2020-07-28,11170.69
1671,1671,2020-07-29,11175.42
1672,1672,2020-07-30,11017.46
1673,1673,2020-07-31,11375.43
1674,1674,2020-08-01,11650.71
1675,1675,2020-08-02,11103.41
1676,1676,2020-08-03,11383.26
1677,1677,2020-08-04,11216.69
1678,1678,2020-08-05,11685.49
1679,1679,2020-08-06,11857.01
1680,1680,2020-08-07,11659.41
1681,1681,2020-08-08,11756.4
1682,1682,2020-08-09,11585.79
1683,1683,2020-08-10,11941.17
1684,1684,2020-08-11,11491.49
1685,1685,2020-08-12,11593.6
1686,1686,2020-08-13,11514.79
1687,1687,2020-08-14,11761.41
1688,1688,2020-08-15,11866.39
1689,1689,2020-08-16,11873.36
1690,1690,2020-08-17,12438.86
1691,1691,2020-08-18,11947.81
1692,1692,2020-08-19,11742.01
1693,1693,2020-08-20,11736.395
1694,1694,2020-08-21,11730.78
1695,1695,2020-08-22,11596.44
1696,1696,2020-08-23,11652.95
1697,1697,2020-08-24,11770.6
1698,1698,2020-08-25,11430.0
1699,1699,2020-08-26,11494.48
1700,1700,2020-08-27,11518.5
1701,1701,2020-08-28,11542.52
1702,1702,2020-08-29,11506.92
1703,1703,2020-08-30,11619.31
1704,1704,2020-08-31,11747.0
1705,1705,2020-09-01,12053.5
1706,1706,2020-09-02,11342.09
1707,1707,2020-09-03,10664.29
1708,1708,2020-09-04,10436.88
1709,1709,2020-09-05,10280.5
1710,1710,2020-09-06,10178.51
1711,1711,2020-09-07,10152.6
1712,1712,2020-09-08,10096.56
1713,1713,2020-09-09,10255.22
1714,1714,2020-09-10,10287.83
1715,1715,2020-09-11,10320.44
1716,1716,2020-09-12,10361.68
1717,1717,2020-09-13,10284.36
1718,1718,2020-09-14,10711.2
1719,1719,2020-09-15,10796.73
1720,1720,2020-09-16,11003.0
1721,1721,2020-09-17,10839.62
1722,1722,2020-09-18,10903.77
1723,1723,2020-09-19,11094.54
1724,1724,2020-09-20,10845.0
1725,1725,2020-09-21,10422.95
1726,1726,2020-09-22,10454.16
1727,1727,2020-09-23,10457.58
1728,1728,2020-09-24,10557.19
1729,1729,2020-09-25,10656.8
1730,1730,2020-09-26,10727.01
1731,1731,2020-09-27,10755.63
1732,1732,2020-09-28,10905.28
1733,1733,2020-09-29,10728.35
1734,1734,2020-09-30,10779.5
1735,1735,2020-10-01,10727.0
1736,1736,2020-10-02,10512.06
1737,1737,2020-10-03,10561.61
1738,1738,2020-10-04,10598.08
1739,1739,2020-10-05,10730.0
1740,1740,2020-10-06,10740.77
1741,1741,2020-10-07,10634.74
1742,1742,2020-10-08,10901.72
1743,1743,2020-10-09,11096.95
1744,1744,2020-10-10,11353.2
1745,1745,2020-10-11,11410.14
1746,1746,2020-10-12,11547.87
1747,1747,2020-10-13,11393.62
1748,1748,2020-10-14,11329.21
1749,1749,2020-10-15,11410.36
1750,1750,2020-10-16,11338.44
1751,1751,2020-10-17,11346.7
1752,1752,2020-10-18,11457.42
1753,1753,2020-10-19,11807.02
1754,1754,2020-10-20,11943.18
1755,1755,2020-10-21,12751.73
1756,1756,2020-10-22,12955.27
1757,1757,2020-10-23,12935.86
1758,1758,2020-10-24,13005.98
1759,1759,2020-10-25,12965.98
1760,1760,2020-10-26,12999.73
1761,1761,2020-10-27,13625.0
1762,1762,2020-10-28,13241.46
1763,1763,2020-10-29,13453.38
1764,1764,2020-10-30,13568.89
1765,1765,2020-10-31,13872.52
1766,1766,2020-11-01,13820.0
1767,1767,2020-11-02,13514.32
1768,1768,2020-11-03,13729.8
1769,1769,2020-11-04,13927.13
1770,1770,2020-11-05,15112.08
1771,1771,2020-11-06,15438.55
1772,1772,2020-11-07,15354.99
1773,1773,2020-11-08,15367.67
1774,1774,2020-11-09,15008.13
1775,1775,2020-11-10,15195.49
1776,1776,2020-11-11,15700.01
1777,1777,2020-11-12,15915.725
1778,1778,2020-11-13,16131.44
1779,1779,2020-11-14,15975.22
1780,1780,2020-11-15,16048.96
1781,1781,2020-11-16,16470.79
1782,1782,2020-11-17,17342.17
1783,1783,2020-11-18,17900.46
1784,1784,2020-11-19,18083.17
1785,1785,2020-11-20,18685.72
1786,1786,2020-11-21,18829.54
1787,1787,2020-11-22,18325.08
1788,1788,2020-11-23,18296.28
1789,1789,2020-11-24,19387.78
1790,1790,2020-11-25,19143.44
1791,1791,2020-11-26,16895.55
1792,1792,2020-11-27,16498.34
1793,1793,2020-11-28,17532.21
1794,1794,2020-11-29,18131.72
1795,1795,2020-11-30,19300.0
1796,1796,2020-12-01,19290.68
1797,1797,2020-12-02,18904.49
1798,1798,2020-12-03,19540.72
1799,1799,2020-12-04,18968.57
1800,1800,2020-12-05,19130.77
1801,1801,2020-12-06,19132.79
1802,1802,2020-12-07,19231.6
1803,1803,2020-12-08,18826.15
1804,1804,2020-12-09,18359.47
1805,1805,2020-12-10,18239.0
1806,1806,2020-12-11,18118.53
1807,1807,2020-12-12,18411.25
1808,1808,2020-12-13,19212.96
1809,1809,2020-12-14,19194.46
1810,1810,2020-12-15,19429.65
1811,1811,2020-12-16,20697.34
1812,1812,2020-12-17,23377.78
1813,1813,2020-12-18,22584.76
1814,1814,2020-12-19,23614.3
1815,1815,2020-12-20,23890.61
1816,1816,2020-12-21,23119.42
1817,1817,2020-12-22,23369.88
1818,1818,2020-12-23,23463.43
1819,1819,2020-12-24,23240.71
1820,1820,2020-12-25,24031.6
1821,1821,2020-12-26,25602.35
1822,1822,2020-12-27,27336.69
1823,1823,2020-12-28,26887.38
1824,1824,2020-12-29,26595.81
1825,1825,2020-12-30,28162.42
1826,1826,2020-12-31,28825.94
1827,1827,2021-01-01,29250.85
1828,1828,2021-01-02,31798.89
1829,1829,2021-01-03,33570.98
1830,1830,2021-01-04,31800.6
1831,1831,2021-01-05,32163.34
1832,1832,2021-01-06,34671.98
1833,1833,2021-01-07,39038.65
1834,1834,2021-01-08,40916.92
1835,1835,2021-01-09,40666.81
1836,1836,2021-01-10,39725.45
1837,1837,2021-01-11,31497.67
1838,1838,2021-01-12,33800.0
1839,1839,2021-01-13,34661.25
1840,1840,2021-01-14,39518.97
1841,1841,2021-01-15,35566.06
1842,1842,2021-01-16,37477.17
1843,1843,2021-01-17,35755.85
1844,1844,2021-01-18,36439.75
1845,1845,2021-01-19,37360.01
1846,1846,2021-01-20,34218.79
1847,1847,2021-01-21,31360.94
1848,1848,2021-01-22,32510.98
1849,1849,2021-01-23,31926.07
1850,1850,2021-01-24,32001.38
1851,1851,2021-01-25,34449.91
1852,1852,2021-01-26,31754.3
1853,1853,2021-01-27,30396.21
1854,1854,2021-01-28,31990.01
1855,1855,2021-01-29,37161.26
1856,1856,2021-01-30,34179.74
1857,1857,2021-01-31,32896.61
1858,1858,2021-02-01,33838.77
1859,1859,2021-02-02,35845.8
1860,1860,2021-02-03,37099.66
1861,1861,2021-02-04,37648.05
1862,1862,2021-02-05,37652.5
1863,1863,2021-02-06,40141.36
1864,1864,2021-02-07,38516.28
1865,1865,2021-02-08,44216.38
1866,1866,2021-02-09,47169.95
1867,1867,2021-02-10,44574.29
