date,stonk_close
2021-03-10,668.06
2021-03-09,673.58
2021-03-08,563.0
2021-03-05,597.95
2021-03-04,621.44
2021-03-03,653.2
2021-03-02,686.44
2021-03-01,718.43
2021-02-26,675.5
2021-02-25,682.22
2021-02-24,742.02
2021-02-23,698.84
2021-02-22,714.5
2021-02-19,781.3
2021-02-18,787.38
2021-02-17,798.15
2021-02-16,796.22
2021-02-12,816.12
2021-02-11,811.66
2021-02-10,804.82
2021-02-09,849.46
2021-02-08,863.42
2021-02-05,852.23
2021-02-04,849.99
2021-02-03,854.69
2021-02-02,872.79
2021-02-01,839.81
2021-01-29,793.53
2021-01-28,835.43
2021-01-27,864.16
2021-01-26,883.09
2021-01-25,880.8
2021-01-22,846.64
2021-01-21,844.99
2021-01-20,850.45
2021-01-19,844.55
2021-01-15,826.16
2021-01-14,845.0
2021-01-13,854.41
2021-01-12,849.44
2021-01-11,811.19
2021-01-08,880.02
2021-01-07,816.04
2021-01-06,755.98
2021-01-05,735.11
2021-01-04,729.77
2020-12-31,705.67
2020-12-30,694.78
2020-12-29,665.99
2020-12-28,663.69
2020-12-24,661.77
2020-12-23,645.98
2020-12-22,640.34
2020-12-21,649.86
2020-12-18,695.0
2020-12-17,655.9
2020-12-16,622.77
2020-12-15,633.25
2020-12-14,639.83
2020-12-11,609.99
2020-12-10,627.07
2020-12-09,604.48
2020-12-08,649.88
2020-12-07,641.76
2020-12-04,599.04
2020-12-03,593.38
2020-12-02,568.82
2020-12-01,584.76
2020-11-30,567.6
2020-11-27,585.76
2020-11-25,574.0
2020-11-24,555.38
2020-11-23,521.85
2020-11-20,489.61
2020-11-19,499.27
2020-11-18,486.64
2020-11-17,441.61
2020-11-16,408.09
2020-11-13,408.5
2020-11-12,411.76
2020-11-11,417.13
2020-11-10,410.36
2020-11-09,421.26
2020-11-06,429.95
2020-11-05,438.09
2020-11-04,420.98
2020-11-03,423.9
2020-11-02,400.51
2020-10-30,388.04
2020-10-29,410.83
2020-10-28,406.02
2020-10-27,424.68
2020-10-26,420.28
2020-10-23,420.63
2020-10-22,425.79
2020-10-21,422.64
2020-10-20,421.94
2020-10-19,430.83
2020-10-16,439.67
2020-10-15,448.88
2020-10-14,461.3
2020-10-13,446.65
2020-10-12,442.3
2020-10-09,434.0
2020-10-08,425.92
2020-10-07,425.3
2020-10-06,413.98
2020-10-05,425.68
2020-10-02,415.09
2020-10-01,448.16
2020-09-30,429.01
2020-09-29,419.07
2020-09-28,421.2
2020-09-25,407.34
2020-09-24,387.79
2020-09-23,380.36
2020-09-22,424.23
2020-09-21,449.39
2020-09-18,442.15
2020-09-17,423.43
2020-09-16,441.76
2020-09-15,449.76
2020-09-14,419.62
2020-09-11,372.72
2020-09-10,371.34
2020-09-09,366.28
2020-09-08,330.21
2020-09-04,418.32
2020-09-03,407.0
2020-09-02,447.37
2020-09-01,475.05
2020-08-31,498.32
2020-08-28,442.68
2020-08-27,447.75
2020-08-26,430.634
2020-08-25,404.668
2020-08-24,402.84
2020-08-21,409.996
2020-08-20,400.366
2020-08-19,375.706
2020-08-18,377.418
2020-08-17,367.128
2020-08-14,330.142
2020-08-13,324.2
2020-08-12,310.952
2020-08-11,274.878
2020-08-10,283.714
2020-08-07,290.542
2020-08-06,297.916
2020-08-05,297.004
2020-08-04,297.4
2020-08-03,297.0
2020-07-31,286.152
2020-07-30,297.498
2020-07-29,299.822
2020-07-28,295.298
2020-07-27,307.92
2020-07-24,283.4
2020-07-23,302.614
2020-07-22,318.466
2020-07-21,313.672
2020-07-20,328.6
2020-07-17,300.168
2020-07-16,300.128
2020-07-15,309.202
2020-07-14,303.36
2020-07-13,299.412
2020-07-10,308.93
2020-07-09,278.856
2020-07-08,273.176
2020-07-07,277.972
2020-07-06,274.316
2020-07-02,241.732
2020-07-01,223.926
2020-06-30,215.962
2020-06-29,201.87
2020-06-26,191.948
2020-06-25,197.196
2020-06-24,192.17
2020-06-23,200.356
2020-06-22,198.864
2020-06-19,200.18
2020-06-18,200.792
2020-06-17,198.358
2020-06-16,196.426
2020-06-15,198.18
2020-06-12,187.056
2020-06-11,194.568
2020-06-10,205.01
2020-06-09,188.134
2020-06-08,189.984
2020-06-05,177.132
2020-06-04,172.876
2020-06-03,176.592
2020-06-02,176.312
2020-06-01,179.62
2020-05-29,167.0
2020-05-28,161.162
2020-05-27,164.046
2020-05-26,163.774
2020-05-22,163.376
2020-05-21,165.52
2020-05-20,163.112
2020-05-19,161.602
2020-05-18,162.726
2020-05-15,159.834
2020-05-14,160.666
2020-05-13,158.192
2020-05-12,161.882
2020-05-11,162.258
2020-05-08,163.884
2020-05-07,156.008
2020-05-06,156.516
2020-05-05,153.642
2020-05-04,152.238
2020-05-01,140.264
2020-04-30,156.376
2020-04-29,160.102
2020-04-28,153.824
2020-04-27,159.75
2020-04-24,145.03
2020-04-23,141.126
2020-04-22,146.422
2020-04-21,137.344
2020-04-20,149.272
2020-04-17,150.778
2020-04-16,149.042
2020-04-15,145.966
2020-04-14,141.978
2020-04-13,130.19
2020-04-09,114.6
2020-04-08,109.768
2020-04-07,109.09
2020-04-06,103.248
2020-04-03,96.002
2020-04-02,90.894
2020-04-01,96.312
2020-03-31,104.8
2020-03-30,100.426
2020-03-27,102.872
2020-03-26,105.632
2020-03-25,107.85
2020-03-24,101.0
2020-03-23,86.858
2020-03-20,85.506
2020-03-19,85.528
2020-03-18,72.244
2020-03-17,86.04
2020-03-16,89.014
2020-03-13,109.324
2020-03-12,112.11
2020-03-11,126.846
2020-03-10,129.066
2020-03-09,121.6
2020-03-06,140.696
2020-03-05,144.908
2020-03-04,149.9
2020-03-03,149.102
2020-03-02,148.724
2020-02-28,133.598
2020-02-27,135.8
2020-02-26,155.76
2020-02-25,159.982
2020-02-24,166.758
2020-02-21,180.2
2020-02-20,179.882
2020-02-19,183.484
2020-02-18,171.68
2020-02-14,160.006
2020-02-13,160.8
2020-02-12,153.458
2020-02-11,154.876
2020-02-10,154.256
2020-02-07,149.614
2020-02-06,149.792
2020-02-05,146.94
2020-02-04,177.412
2020-02-03,156.0
2020-01-31,130.114
2020-01-30,128.162
2020-01-29,116.198
2020-01-28,113.38
2020-01-27,111.604
2020-01-24,112.964
2020-01-23,114.44
2020-01-22,113.912
2020-01-21,109.44
2020-01-17,102.1
2020-01-16,102.698
2020-01-15,103.7
2020-01-14,107.584
2020-01-13,104.972
2020-01-10,95.63
2020-01-09,96.268
2020-01-08,98.428
2020-01-07,93.812
2020-01-06,90.308
2020-01-03,88.602
2020-01-02,86.052
2019-12-31,83.666
2019-12-30,82.94
2019-12-27,86.076
2019-12-26,86.188
2019-12-24,85.05
2019-12-23,83.844
2019-12-20,81.118
2019-12-19,80.808
2019-12-18,78.63
2019-12-17,75.798
2019-12-16,76.3
2019-12-13,71.678
2019-12-12,71.936
2019-12-11,70.54
2019-12-10,69.768
2019-12-09,67.906
2019-12-06,67.178
2019-12-05,66.074
2019-12-04,66.606
2019-12-03,67.24
2019-12-02,66.974
2019-11-29,65.988
2019-11-27,66.258
2019-11-26,65.784
2019-11-25,67.268
2019-11-22,66.608
2019-11-21,70.966
2019-11-20,70.444
2019-11-19,71.904
2019-11-18,69.998
2019-11-15,70.434
2019-11-14,69.87
2019-11-13,69.222
2019-11-12,69.986
2019-11-11,69.018
2019-11-08,67.428
2019-11-07,67.108
2019-11-06,65.316
2019-11-05,63.444
2019-11-04,63.494
2019-11-01,62.662
2019-10-31,62.984
2019-10-30,63.002
2019-10-29,63.244
2019-10-28,65.542
2019-10-25,65.626
2019-10-24,59.936
2019-10-23,50.936
2019-10-22,51.116
2019-10-21,50.7
2019-10-18,51.39
2019-10-17,52.394
2019-10-16,51.95
2019-10-15,51.578
2019-10-14,51.392
2019-10-11,49.578
2019-10-10,48.948
2019-10-09,48.906
2019-10-08,48.01
2019-10-07,47.544
2019-10-04,46.286
2019-10-03,46.606
2019-10-02,48.626
2019-10-01,48.938
2019-09-30,48.174
2019-09-27,48.426
2019-09-26,48.512
2019-09-25,45.74
2019-09-24,44.642
2019-09-23,48.246
2019-09-20,48.124
2019-09-19,49.32
2019-09-18,48.698
2019-09-17,48.958
2019-09-16,48.562
2019-09-13,49.04
2019-09-12,49.174
2019-09-11,49.42
2019-09-10,47.108
2019-09-09,46.358
2019-09-06,45.49
2019-09-05,45.916
2019-09-04,44.136
2019-09-03,45.002
2019-08-30,45.122
2019-08-29,44.342
2019-08-28,43.118
2019-08-27,42.816
2019-08-26,43.0
2019-08-23,42.28
2019-08-22,44.43
2019-08-21,44.166
2019-08-20,45.172
2019-08-19,45.366
2019-08-16,43.988
2019-08-15,43.128
2019-08-14,43.924
2019-08-13,47.0
2019-08-12,45.802
2019-08-09,47.002
2019-08-08,47.66
2019-08-07,46.684
2019-08-06,46.15
2019-08-05,45.664
2019-08-02,46.868
2019-08-01,46.77
2019-07-31,48.322
2019-07-30,48.452
2019-07-29,47.154
2019-07-26,45.608
2019-07-25,45.764
2019-07-24,52.976
2019-07-23,52.034
2019-07-22,51.136
2019-07-19,51.636
2019-07-18,50.708
2019-07-17,50.972
2019-07-16,50.476
2019-07-15,50.7
2019-07-12,49.016
2019-07-11,47.72
2019-07-10,47.784
2019-07-09,46.012
2019-07-08,46.068
2019-07-05,46.62
2019-07-03,46.98
2019-07-02,44.91
2019-07-01,45.434
2019-06-28,44.692
2019-06-27,44.568
2019-06-26,43.854
2019-06-25,43.952
2019-06-24,44.728
2019-06-21,44.372
2019-06-20,43.924
2019-06-19,45.286
2019-06-18,44.948
2019-06-17,45.006
2019-06-14,42.984
2019-06-13,42.782
2019-06-12,41.852
2019-06-11,43.42
2019-06-10,42.576
2019-06-07,40.9
2019-06-06,41.19
2019-06-05,39.318
2019-06-04,38.72
2019-06-03,35.794
2019-05-31,37.032
2019-05-30,37.644
2019-05-29,37.972
2019-05-28,37.74
2019-05-24,38.126
2019-05-23,39.098
2019-05-22,38.546
2019-05-21,41.016
2019-05-20,41.072
2019-05-17,42.206
2019-05-16,45.666
2019-05-15,46.39
2019-05-14,46.462
2019-05-13,45.402
2019-05-10,47.904
2019-05-09,48.396
2019-05-08,48.968
2019-05-07,49.412
2019-05-06,51.068
2019-05-03,51.006
2019-05-02,48.82
2019-05-01,46.802
2019-04-30,47.738
2019-04-29,48.294
2019-04-26,47.028
2019-04-25,49.526
2019-04-24,51.732
2019-04-23,52.78
2019-04-22,52.55
2019-04-18,54.652
2019-04-17,54.246
2019-04-16,54.672
2019-04-15,53.276
2019-04-12,53.54
2019-04-11,53.684
2019-04-10,55.212
2019-04-09,54.462
2019-04-08,54.64
2019-04-05,54.992
2019-04-04,53.556
2019-04-03,58.362
2019-04-02,57.176
2019-04-01,57.836
2019-03-29,55.972
2019-03-28,55.724
2019-03-27,54.966
2019-03-26,53.554
2019-03-25,52.084
2019-03-22,52.906
2019-03-21,54.804
2019-03-20,54.72
2019-03-19,53.494
2019-03-18,53.898
2019-03-15,55.086
2019-03-14,57.992
2019-03-13,57.792
2019-03-12,56.672
2019-03-11,58.184
2019-03-08,56.828
2019-03-07,55.318
2019-03-06,55.248
2019-03-05,55.308
2019-03-04,57.072
2019-03-01,58.958
2019-02-28,63.976
2019-02-27,62.948
2019-02-26,59.572
2019-02-25,59.754
2019-02-22,58.942
2019-02-21,58.246
2019-02-20,60.512
2019-02-19,61.128
2019-02-15,61.576
2019-02-14,60.754
2019-02-13,61.634
2019-02-12,62.362
2019-02-11,62.568
2019-02-08,61.16
2019-02-07,61.502
2019-02-06,63.444
2019-02-05,64.27
2019-02-04,62.578
2019-02-01,62.442
2019-01-31,61.404
2019-01-30,61.754
2019-01-29,59.492
2019-01-28,59.276
2019-01-25,59.408
2019-01-24,58.302
2019-01-23,57.518
2019-01-22,59.784
2019-01-18,60.452
2019-01-17,69.462
2019-01-16,69.21
2019-01-15,68.886
2019-01-14,66.88
2019-01-11,69.452
2019-01-10,68.994
2019-01-09,67.706
2019-01-08,67.07
2019-01-07,66.992
2019-01-04,63.538
2019-01-03,60.072
2019-01-02,62.024
2018-12-31,66.56
2018-12-28,66.774
2018-12-27,63.226
2018-12-26,65.218
2018-12-24,59.078
2018-12-21,63.954
2018-12-20,63.076
2018-12-19,66.594
2018-12-18,67.406
2018-12-17,69.684
2018-12-14,73.142
2018-12-13,75.358
2018-12-12,73.32
2018-12-11,73.352
2018-12-10,73.03
2018-12-07,71.594
2018-12-06,72.612
2018-12-04,71.94
2018-12-03,71.698
2018-11-30,70.096
2018-11-29,68.234
2018-11-28,69.574
2018-11-27,68.784
2018-11-26,69.2
2018-11-23,65.166
2018-11-21,67.638
2018-11-20,69.498
2018-11-19,70.694
2018-11-16,70.862
2018-11-15,69.688
2018-11-14,68.8
2018-11-13,67.746
2018-11-12,66.256
2018-11-09,70.102
2018-11-08,70.28
2018-11-07,69.632
2018-11-06,68.212
2018-11-05,68.28
2018-11-02,69.282
2018-11-01,68.856
2018-10-31,67.464
2018-10-30,65.98
2018-10-29,66.97
2018-10-26,66.18
2018-10-25,62.972
2018-10-24,57.7
2018-10-23,58.828
2018-10-22,52.19
2018-10-19,52.0
2018-10-18,52.782
2018-10-17,54.356
2018-10-16,55.318
2018-10-15,51.918
2018-10-12,51.756
2018-10-11,50.446
2018-10-10,51.376
2018-10-09,52.56
2018-10-08,50.112
2018-10-05,52.39
2018-10-04,56.366
2018-10-03,58.96
2018-10-02,60.204
2018-10-01,62.14
2018-09-28,52.954
2018-09-27,61.504
2018-09-26,61.916
2018-09-25,60.198
2018-09-24,59.936
2018-09-21,59.82
2018-09-20,59.666
2018-09-19,59.804
2018-09-18,56.992
2018-09-17,58.968
2018-09-14,59.04
2018-09-13,57.892
2018-09-12,58.108
2018-09-11,55.888
2018-09-10,57.1
2018-09-07,52.648
2018-09-06,56.19
2018-09-05,56.148
2018-09-04,57.79
2018-08-31,60.332
2018-08-30,60.63
2018-08-29,61.002
2018-08-28,62.372
2018-08-27,63.854
2018-08-24,64.564
2018-08-23,64.02
2018-08-22,64.328
2018-08-21,64.38
2018-08-20,61.688
2018-08-17,61.1
2018-08-16,67.09
2018-08-15,67.738
2018-08-14,69.528
2018-08-13,71.282
2018-08-10,71.098
2018-08-09,70.49
2018-08-08,74.068
2018-08-07,75.914
2018-08-06,68.398
2018-08-03,69.634
2018-08-02,69.908
2018-08-01,60.168
2018-07-31,59.628
2018-07-30,58.034
2018-07-27,59.436
2018-07-26,61.33
2018-07-25,61.748
2018-07-24,59.486
2018-07-23,60.64
2018-07-20,62.716
2018-07-19,64.046
2018-07-18,64.77
2018-07-17,64.538
2018-07-16,62.02
2018-07-13,63.774
2018-07-12,63.342
2018-07-11,63.792
2018-07-10,64.494
2018-07-09,63.702
2018-07-06,61.78
2018-07-05,61.832
2018-07-03,62.172
2018-07-02,67.014
2018-06-29,68.59
2018-06-28,69.986
2018-06-27,68.9
2018-06-26,68.4
2018-06-25,66.602
2018-06-22,66.726
2018-06-21,69.502
2018-06-20,72.444
2018-06-19,70.51
2018-06-18,74.166
2018-06-15,71.634
2018-06-14,71.544
2018-06-13,68.956
2018-06-12,68.554
2018-06-11,66.42
2018-06-08,63.532
2018-06-07,63.218
2018-06-06,63.9
2018-06-05,58.226
2018-06-04,59.348
2018-06-01,58.364
2018-05-31,56.946
2018-05-30,58.344
2018-05-29,56.752
2018-05-25,55.77
2018-05-24,55.57
2018-05-23,55.814
2018-05-22,55.002
2018-05-21,56.898
2018-05-18,55.364
2018-05-17,56.908
2018-05-16,57.296
2018-05-15,56.836
2018-05-14,58.394
2018-05-11,60.212
2018-05-10,61.004
2018-05-09,61.37
2018-05-08,60.394
2018-05-07,60.554
2018-05-04,58.818
2018-05-03,56.89
2018-05-02,60.23
2018-05-01,59.984
2018-04-30,58.78
2018-04-27,58.816
2018-04-26,57.096
2018-04-25,56.138
2018-04-24,56.692
2018-04-23,56.674
2018-04-20,58.048
2018-04-19,60.016
2018-04-18,58.67
2018-04-17,57.538
2018-04-16,58.242
2018-04-13,60.068
2018-04-12,58.816
2018-04-11,60.186
2018-04-10,60.94
2018-04-09,57.932
2018-04-06,59.86
2018-04-05,61.144
2018-04-04,57.388
2018-04-03,53.506
2018-04-02,50.496
2018-03-29,53.226
2018-03-28,51.556
2018-03-27,55.836
2018-03-26,60.836
2018-03-23,60.308
2018-03-22,61.82
2018-03-21,63.306
2018-03-20,62.11
2018-03-19,62.712
2018-03-16,64.27
2018-03-15,65.12
2018-03-14,65.326
2018-03-13,68.368
2018-03-12,69.102
2018-03-09,65.434
2018-03-08,65.82
2018-03-07,66.46
2018-03-06,65.64
2018-03-05,66.67
2018-03-02,67.024
2018-03-01,66.186
2018-02-28,68.612
2018-02-27,70.198
2018-02-26,71.484
2018-02-23,70.41
2018-02-22,69.234
2018-02-21,66.66
2018-02-20,66.954
2018-02-16,67.098
2018-02-15,66.814
2018-02-14,64.462
2018-02-13,64.732
2018-02-12,63.146
2018-02-09,62.084
2018-02-08,63.046
2018-02-07,69.0
2018-02-06,66.794
2018-02-05,66.626
2018-02-02,68.75
2018-02-01,69.85
2018-01-31,70.862
2018-01-30,69.164
2018-01-29,69.906
2018-01-26,68.57
2018-01-25,67.528
2018-01-24,69.178
2018-01-23,70.558
2018-01-22,70.312
2018-01-19,70.004
2018-01-18,68.914
2018-01-17,69.432
2018-01-16,68.012
2018-01-12,67.244
2018-01-11,67.59
2018-01-10,66.96
2018-01-09,66.738
2018-01-08,67.282
2018-01-05,63.316
2018-01-04,62.924
2018-01-03,63.45
2018-01-02,64.106
2017-12-29,62.27
2017-12-28,63.072
2017-12-27,62.328
2017-12-26,63.458
2017-12-22,65.04
2017-12-21,66.332
2017-12-20,65.796
2017-12-19,66.22
2017-12-18,67.774
2017-12-15,68.69
2017-12-14,67.578
2017-12-13,67.806
2017-12-12,68.206
2017-12-11,65.782
2017-12-08,63.026
2017-12-07,62.248
2017-12-06,62.652
2017-12-05,60.74
2017-12-04,61.04
2017-12-01,61.306
2017-11-30,61.77
2017-11-29,61.508
2017-11-28,63.51
2017-11-27,63.362
2017-11-24,63.11
2017-11-22,62.52
2017-11-21,63.562
2017-11-20,61.748
2017-11-17,63.01
2017-11-16,62.5
2017-11-15,62.26
2017-11-14,61.74
2017-11-13,63.08
2017-11-10,60.598
2017-11-09,60.598
2017-11-08,60.878
2017-11-07,61.21
2017-11-06,60.556
2017-11-03,61.218
2017-11-02,59.852
2017-11-01,64.216
2017-10-31,66.306
2017-10-30,64.016
2017-10-27,64.174
2017-10-26,65.234
2017-10-25,65.168
2017-10-24,67.468
2017-10-23,67.404
2017-10-20,69.02
2017-10-19,70.362
2017-10-18,71.93
2017-10-17,71.15
2017-10-16,70.12
2017-10-13,71.114
2017-10-12,71.136
2017-10-11,70.92
2017-10-10,71.118
2017-10-09,68.588
2017-10-06,71.376
2017-10-05,71.066
2017-10-04,71.002
2017-10-03,69.628
2017-10-02,68.306
2017-09-29,68.22
2017-09-28,67.92
2017-09-27,68.194
2017-09-26,69.05
2017-09-25,68.998
2017-09-22,70.218
2017-09-21,73.296
2017-09-20,74.782
2017-09-19,75.02
2017-09-18,77.0
2017-09-15,75.962
2017-09-14,75.528
2017-09-13,73.246
2017-09-12,72.55
2017-09-11,72.738
2017-09-08,68.68
2017-09-07,70.122
2017-09-06,68.906
2017-09-05,69.918
2017-09-01,71.08
2017-08-31,71.18
2017-08-30,70.636
2017-08-29,69.472
2017-08-28,69.132
2017-08-25,69.61
2017-08-24,70.586
2017-08-23,70.554
2017-08-22,68.27
2017-08-21,67.572
2017-08-18,69.492
2017-08-17,70.384
2017-08-16,72.582
2017-08-15,72.466
2017-08-14,72.76
2017-08-11,71.543
2017-08-10,71.08
2017-08-09,72.706
2017-08-08,73.044
2017-08-07,71.034
2017-08-04,71.382
2017-08-03,69.418
2017-08-02,65.178
2017-08-01,63.914
2017-07-31,64.694
2017-07-28,67.014
2017-07-27,66.892
2017-07-26,68.77
2017-07-25,67.92
2017-07-24,68.504
2017-07-21,65.68
2017-07-20,65.984
2017-07-19,65.052
2017-07-18,65.648
2017-07-17,63.914
2017-07-14,65.556
2017-07-13,64.682
2017-07-12,65.904
2017-07-11,65.444
2017-07-10,63.21
2017-07-07,62.644
2017-07-06,61.766
2017-07-05,65.418
2017-07-03,70.524
2017-06-30,72.322
2017-06-29,72.15
2017-06-28,74.248
2017-06-27,72.474
2017-06-26,75.498
2017-06-23,76.69
2017-06-22,76.522
2017-06-21,75.28
2017-06-20,74.448
2017-06-19,73.96
2017-06-16,74.28
2017-06-15,75.068
2017-06-14,76.132
2017-06-13,75.19
2017-06-12,71.802
2017-06-09,71.464
2017-06-08,74.0
2017-06-07,71.93
2017-06-06,70.57
2017-06-05,69.464
2017-06-02,67.97
2017-06-01,68.074
2017-05-31,68.202
2017-05-30,67.02
2017-05-26,65.028
2017-05-25,63.366
2017-05-24,62.044
2017-05-23,60.772
2017-05-22,62.07
2017-05-19,62.166
2017-05-18,62.612
2017-05-17,61.222
2017-05-16,63.402
2017-05-15,63.176
2017-05-12,64.962
2017-05-11,64.62
2017-05-10,65.044
2017-05-09,64.252
2017-05-08,61.438
2017-05-05,61.67
2017-05-04,59.092
2017-05-03,62.204
2017-05-02,63.778
2017-05-01,64.566
2017-04-28,62.814
2017-04-27,61.726
2017-04-26,62.034
2017-04-25,62.758
2017-04-24,61.606
2017-04-21,61.12
2017-04-20,60.502
2017-04-19,61.104
2017-04-18,60.05
2017-04-17,60.288
2017-04-13,60.8
2017-04-12,59.368
2017-04-11,61.742
2017-04-10,62.478
2017-04-07,60.508
2017-04-06,59.74
2017-04-05,59.0
2017-04-04,60.74
2017-04-03,59.704
2017-03-31,55.66
2017-03-30,55.584
2017-03-29,55.476
2017-03-28,55.49
2017-03-27,54.044
2017-03-24,52.632
2017-03-23,50.956
2017-03-22,51.002
2017-03-21,50.136
2017-03-20,52.384
2017-03-17,52.3
2017-03-16,52.41
2017-03-15,51.146
2017-03-14,51.6
2017-03-13,49.234
2017-03-10,48.738
2017-03-09,48.98
2017-03-08,49.374
2017-03-07,49.718
2017-03-06,50.242
2017-03-03,50.314
2017-03-02,50.096
2017-03-01,50.004
2017-02-28,49.998
2017-02-27,49.246
2017-02-24,51.4
2017-02-23,51.198
2017-02-22,54.702
2017-02-21,55.478
2017-02-17,54.446
2017-02-16,53.79
2017-02-15,55.952
2017-02-14,56.196
2017-02-13,56.12
2017-02-10,53.846
2017-02-09,53.84
2017-02-08,52.416
2017-02-07,51.496
2017-02-06,51.554
2017-02-03,50.266
2017-02-02,50.31
2017-02-01,49.848
2017-01-31,50.386
2017-01-30,50.126
2017-01-27,50.59
2017-01-26,50.502
2017-01-25,50.894
2017-01-24,50.922
2017-01-23,49.784
2017-01-20,48.946
2017-01-19,48.752
2017-01-18,47.672
2017-01-17,47.116
2017-01-13,47.55
2017-01-12,45.918
2017-01-11,45.946
2017-01-10,45.974
2017-01-09,46.256
2017-01-06,45.802
2017-01-05,45.35
2017-01-04,45.398
2017-01-03,43.398
2016-12-30,42.738
2016-12-29,42.936
2016-12-28,43.948
2016-12-27,43.906
2016-12-23,42.668
2016-12-22,41.69
2016-12-21,41.54
2016-12-20,41.758
2016-12-19,40.546
2016-12-16,40.498
2016-12-15,39.516
2016-12-14,39.738
2016-12-13,39.63
2016-12-12,38.486
2016-12-09,38.436
2016-12-08,38.458
2016-12-07,38.63
2016-12-06,37.17
2016-12-05,37.36
2016-12-02,36.294
2016-12-01,36.376
2016-11-30,37.88
2016-11-29,37.914
2016-11-28,39.224
2016-11-25,39.33
2016-11-23,38.628
2016-11-22,38.234
2016-11-21,36.904
2016-11-18,37.004
2016-11-17,37.732
2016-11-16,36.786
2016-11-15,36.754
2016-11-14,36.29
2016-11-11,37.712
2016-11-10,37.07
2016-11-09,38.012
2016-11-08,38.988
2016-11-07,38.642
2016-11-04,38.112
2016-11-03,37.484
2016-11-02,37.604
2016-11-01,38.158
2016-10-31,39.546
2016-10-28,39.994
2016-10-27,40.802
2016-10-26,40.448
2016-10-25,40.468
2016-10-24,40.552
2016-10-21,40.018
2016-10-20,39.82
2016-10-19,40.712
2016-10-18,39.82
2016-10-17,38.792
2016-10-14,39.302
2016-10-13,40.048
2016-10-12,40.302
2016-10-11,40.02
2016-10-10,40.19
2016-10-07,39.322
2016-10-06,40.2
2016-10-05,41.692
2016-10-04,42.282
2016-10-03,42.74
2016-09-30,40.806
2016-09-29,40.14
2016-09-28,41.254
2016-09-27,41.162
2016-09-26,41.798
2016-09-23,41.49
2016-09-22,41.286
2016-09-21,41.044
2016-09-20,40.928
2016-09-19,41.268
2016-09-16,41.08
2016-09-15,40.084
2016-09-14,39.282
2016-09-13,39.21
2016-09-12,39.66
2016-09-09,38.894
2016-09-08,39.472
2016-09-07,40.342
2016-09-06,40.566
2016-09-02,39.556
2016-09-01,40.154
2016-08-31,42.402
2016-08-30,42.268
2016-08-29,43.04
2016-08-26,43.998
2016-08-25,44.192
2016-08-24,44.524
2016-08-23,44.968
2016-08-22,44.586
2016-08-19,45.0
2016-08-18,44.702
2016-08-17,44.648
2016-08-16,44.722
2016-08-15,45.118
2016-08-12,45.122
2016-08-11,44.982
2016-08-10,45.13
2016-08-09,45.816
2016-08-08,45.232
2016-08-05,46.006
2016-08-04,46.122
2016-08-03,45.158
2016-08-02,45.44
2016-08-01,46.002
2016-07-29,46.958
2016-07-28,46.122
2016-07-27,45.698
2016-07-26,45.902
2016-07-25,46.002
2016-07-22,44.454
2016-07-21,44.1
2016-07-20,45.672
2016-07-19,45.052
2016-07-18,45.25
2016-07-15,44.08
2016-07-14,44.306
2016-07-13,44.506
2016-07-12,44.93
2016-07-11,44.956
2016-07-08,43.356
2016-07-07,43.188
2016-07-06,42.888
2016-07-05,42.796
2016-07-01,43.3
2016-06-30,42.456
2016-06-29,42.038
2016-06-28,40.358
2016-06-27,39.71
2016-06-24,38.63
2016-06-23,39.28
2016-06-22,39.332
2016-06-21,43.922
2016-06-20,43.94
2016-06-17,43.094
2016-06-16,43.586
2016-06-15,43.54
2016-06-14,42.992
2016-06-13,43.574
2016-06-10,43.758
2016-06-09,45.872
2016-06-08,47.104
2016-06-07,46.468
2016-06-06,44.136
2016-06-03,43.798
2016-06-02,43.792
2016-06-01,43.912
2016-05-31,44.646
2016-05-27,44.608
2016-05-26,45.024
2016-05-25,43.916
2016-05-24,43.582
2016-05-23,43.244
2016-05-20,44.056
2016-05-19,43.042
2016-05-18,42.234
2016-05-17,40.932
2016-05-16,41.658
2016-05-13,41.522
2016-05-12,41.456
2016-05-11,41.792
2016-05-10,41.738
2016-05-09,41.784
2016-05-06,42.986
2016-05-05,42.306
2016-05-04,44.512
2016-05-03,46.464
2016-05-02,48.36
2016-04-29,48.152
2016-04-28,49.542
2016-04-27,50.294
2016-04-26,50.748
2016-04-25,50.364
2016-04-22,50.75
2016-04-21,49.658
2016-04-20,49.994
2016-04-19,49.474
2016-04-18,50.776
2016-04-15,50.902
2016-04-14,50.372
2016-04-13,50.906
2016-04-12,49.564
2016-04-11,49.984
2016-04-08,50.014
2016-04-07,51.44
2016-04-06,53.084
2016-04-05,51.094
2016-04-04,49.398
2016-04-01,47.518
2016-03-31,45.954
2016-03-30,45.378
2016-03-29,46.026
2016-03-28,46.052
2016-03-24,45.55
2016-03-23,44.516
2016-03-22,46.848
2016-03-21,47.664
2016-03-18,46.548
2016-03-17,45.276
2016-03-16,44.386
2016-03-15,43.668
2016-03-14,43.03
2016-03-11,41.5
2016-03-10,41.036
2016-03-09,41.744
2016-03-08,40.52
2016-03-07,41.058
2016-03-04,40.208
2016-03-03,39.148
2016-03-02,37.668
2016-03-01,37.27
2016-02-29,38.386
2016-02-26,38.068
2016-02-25,37.486
2016-02-24,35.8
2016-02-23,35.442
2016-02-22,35.548
2016-02-19,33.316
2016-02-18,33.354
2016-02-17,33.736
2016-02-16,31.034
2016-02-12,30.208
2016-02-11,30.094
2016-02-10,28.734
2016-02-09,29.65
2016-02-08,29.598
2016-02-05,32.52
2016-02-04,35.066
2016-02-03,34.696
2016-02-02,36.556
2016-02-01,39.388
2016-01-29,38.24
2016-01-28,37.94
2016-01-27,37.614
2016-01-26,38.712
2016-01-25,39.276
2016-01-22,40.51
2016-01-21,39.994
2016-01-20,39.74
2016-01-19,40.944
2016-01-15,40.998
2016-01-14,41.236
2016-01-13,40.062
2016-01-12,41.994
2016-01-11,41.57
2016-01-08,42.2
2016-01-07,43.13
2016-01-06,43.808
2016-01-05,44.686
2016-01-04,44.682
2015-12-31,48.002
2015-12-30,47.618
2015-12-29,47.438
2015-12-28,45.79
2015-12-24,46.114
2015-12-23,45.94
2015-12-22,45.99
2015-12-21,46.512
2015-12-18,46.092
2015-12-17,46.678
2015-12-16,46.902
2015-12-15,44.218
2015-12-14,43.716
2015-12-11,43.404
2015-12-10,45.414
2015-12-09,44.904
2015-12-08,45.344
2015-12-07,46.226
2015-12-04,46.076
2015-12-03,46.542
2015-12-02,46.398
2015-12-01,47.438
2015-11-30,46.052
2015-11-27,46.322
2015-11-25,45.928
2015-11-24,43.65
2015-11-23,43.55
2015-11-20,44.002
2015-11-19,44.36
2015-11-18,44.214
2015-11-17,42.8
2015-11-16,42.862
2015-11-13,41.438
2015-11-12,42.588
2015-11-11,43.816
2015-11-10,43.3
2015-11-09,45.066
2015-11-06,46.472
2015-11-05,46.354
2015-11-04,46.326
2015-11-03,41.67
2015-11-02,42.758
2015-10-30,41.386
2015-10-29,42.326
2015-10-28,42.592
2015-10-27,42.07
2015-10-26,43.052
2015-10-23,41.818
2015-10-22,42.344
2015-10-21,42.018
2015-10-20,42.606
2015-10-19,45.62
2015-10-16,45.402
2015-10-15,44.262
2015-10-14,43.376
2015-10-13,43.85
2015-10-12,43.116
2015-10-09,44.138
2015-10-08,45.344
2015-10-07,46.392
2015-10-06,48.292
2015-10-05,49.23
2015-10-02,49.514
2015-10-01,47.976
2015-09-30,49.68
2015-09-29,49.33
2015-09-28,49.686
2015-09-25,51.382
2015-09-24,52.624
2015-09-23,52.212
2015-09-22,52.188
2015-09-21,52.84
2015-09-18,52.124
2015-09-17,52.414
2015-09-16,52.45
2015-09-15,50.714
2015-09-14,50.638
2015-09-11,50.048
2015-09-10,49.696
2015-09-09,49.782
2015-09-08,49.634
2015-09-04,48.386
2015-09-03,49.114
2015-09-02,49.538
2015-09-01,47.726
2015-08-31,49.812
2015-08-28,49.696
2015-08-27,48.598
2015-08-26,44.968
2015-08-25,44.006
2015-08-24,43.774
2015-08-21,46.154
2015-08-20,48.436
2015-08-19,51.05
2015-08-18,52.144
2015-08-17,50.998
2015-08-14,48.63
2015-08-13,48.502
2015-08-12,47.634
2015-08-11,47.474
2015-08-10,48.228
2015-08-07,48.502
2015-08-06,49.226
2015-08-05,54.026
2015-08-04,53.256
2015-08-03,51.998
2015-07-31,53.23
2015-07-30,53.358
2015-07-29,52.764
2015-07-28,52.964
2015-07-27,50.602
2015-07-24,53.082
2015-07-23,53.44
2015-07-22,53.574
2015-07-21,53.354
2015-07-20,56.452
2015-07-17,54.932
2015-07-16,53.336
2015-07-15,52.628
2015-07-14,53.13
2015-07-13,52.432
2015-07-10,51.83
2015-07-09,51.584
2015-07-08,50.992
2015-07-07,53.576
2015-07-06,55.944
2015-07-02,56.004
2015-07-01,53.83
2015-06-30,53.652
2015-06-29,52.404
2015-06-26,53.418
2015-06-25,53.758
2015-06-24,53.034
2015-06-23,53.534
2015-06-22,51.958
2015-06-19,52.502
2015-06-18,52.378
2015-06-17,52.082
2015-06-16,50.624
2015-06-15,50.076
2015-06-12,50.138
2015-06-11,50.282
2015-06-10,50.14
2015-06-09,51.2
2015-06-08,51.258
2015-06-05,49.828
2015-06-04,49.184
2015-06-03,49.798
2015-06-02,49.67
2015-06-01,49.89
2015-05-29,50.16
2015-05-28,50.29
2015-05-27,49.486
2015-05-26,49.491
2015-05-22,49.546
2015-05-21,49.124
2015-05-20,48.87
2015-05-19,49.428
2015-05-18,49.75
2015-05-15,49.768
2015-05-14,48.82
2015-05-13,48.636
2015-05-12,48.948
2015-05-11,47.898
2015-05-08,47.322
2015-05-07,47.36
2015-05-06,46.086
2015-05-05,46.59
2015-05-04,46.102
2015-05-01,45.206
2015-04-30,45.21
2015-04-29,46.49
2015-04-28,46.096
2015-04-27,46.31
2015-04-24,43.685
2015-04-23,43.72
2015-04-22,43.888
2015-04-21,41.882
2015-04-20,41.054
2015-04-17,41.358
2015-04-16,41.34
2015-04-15,41.566
2015-04-14,41.492
2015-04-13,41.956
2015-04-10,42.18
2015-04-09,42.018
2015-04-08,41.534
2015-04-07,40.65
2015-04-06,40.62
2015-04-02,38.2
2015-04-01,37.518
2015-03-31,37.754
2015-03-30,38.114
2015-03-27,37.0
2015-03-26,38.081
2015-03-25,38.86
2015-03-24,40.344
2015-03-23,39.926
2015-03-20,39.616
2015-03-19,39.13
2015-03-18,40.142
2015-03-17,38.946
2015-03-16,39.14
2015-03-13,37.736
2015-03-12,38.214
2015-03-11,38.748
2015-03-10,38.064
2015-03-09,38.176
2015-03-06,38.776
2015-03-05,40.126
2015-03-04,40.487
2015-03-03,39.912
2015-03-02,39.465
2015-02-27,40.668
2015-02-26,41.438
2015-02-25,40.752
2015-02-24,40.822
2015-02-23,41.467
2015-02-20,43.422
2015-02-19,42.341
2015-02-18,40.892
2015-02-17,40.87
2015-02-13,40.754
2015-02-12,40.576
2015-02-11,42.56
2015-02-10,43.258
2015-02-09,43.496
2015-02-06,43.472
2015-02-05,44.198
2015-02-04,43.71
2015-02-03,43.672
2015-02-02,42.188
2015-01-30,40.72
2015-01-29,41.04
2015-01-28,39.874
2015-01-27,41.196
2015-01-26,41.31
2015-01-23,40.258
2015-01-22,40.324
2015-01-21,39.314
2015-01-20,38.386
2015-01-16,38.614
2015-01-15,38.374
2015-01-14,38.538
2015-01-13,40.85
2015-01-12,40.442
2015-01-09,41.332
2015-01-08,42.123
2015-01-07,42.19
2015-01-06,42.256
2015-01-05,42.018
2015-01-02,43.862
2014-12-31,44.482
2014-12-30,44.446
2014-12-29,45.142
2014-12-26,45.564
2014-12-24,44.452
2014-12-23,44.194
2014-12-22,44.52
2014-12-19,43.858
2014-12-18,43.652
2014-12-17,41.164
2014-12-16,39.562
2014-12-15,40.808
2014-12-12,41.4
2014-12-11,41.776
2014-12-10,41.968
2014-12-09,43.378
2014-12-08,42.872
2014-12-05,44.742
2014-12-04,45.656
2014-12-03,45.86
2014-12-02,46.286
2014-12-01,46.328
2014-11-28,48.904
2014-11-26,49.688
2014-11-25,49.618
2014-11-24,49.344
2014-11-21,48.556
2014-11-20,49.742
2014-11-19,49.548
2014-11-18,51.54
2014-11-17,50.796
2014-11-14,51.736
2014-11-13,50.34
2014-11-12,49.82
2014-11-11,50.216
2014-11-10,48.386
2014-11-07,48.04
2014-11-06,48.244
2014-11-05,46.194
2014-11-04,47.786
2014-11-03,48.518
2014-10-31,48.34
2014-10-30,47.732
2014-10-29,47.62
2014-10-28,48.554
2014-10-27,44.334
2014-10-24,47.048
2014-10-23,47.058
2014-10-22,46.22
2014-10-21,47.068
2014-10-20,46.094
2014-10-17,45.496
2014-10-16,45.27
2014-10-15,45.94
2014-10-14,45.412
2014-10-13,44.918
2014-10-10,47.382
2014-10-09,51.402
2014-10-08,51.856
2014-10-07,51.914
2014-10-06,52.124
2014-10-03,51.042
2014-10-02,50.284
2014-10-01,48.048
2014-09-30,48.536
2014-09-29,49.052
2014-09-26,49.32
2014-09-25,49.39
2014-09-24,50.428
2014-09-23,50.082
2014-09-22,50.006
2014-09-19,51.864
2014-09-18,52.764
2014-09-17,52.276
2014-09-16,52.148
2014-09-15,50.772
2014-09-12,55.84
2014-09-11,56.062
2014-09-10,56.22
2014-09-09,55.696
2014-09-08,56.422
2014-09-05,55.478
2014-09-04,57.208
2014-09-03,56.238
2014-09-02,56.824
2014-08-29,53.94
2014-08-28,52.772
2014-08-27,52.65
2014-08-26,52.348
2014-08-25,52.51
2014-08-22,51.356
2014-08-21,50.868
2014-08-20,51.142
2014-08-19,51.352
2014-08-18,51.988
2014-08-15,52.402
2014-08-14,52.276
2014-08-13,52.062
2014-08-12,51.992
2014-08-11,51.864
2014-08-08,49.626
2014-08-07,50.478
2014-08-06,49.78602
2014-08-05,47.698
2014-08-04,47.704
2014-08-01,46.654
2014-07-31,44.66
2014-07-30,45.784
2014-07-29,45.002
2014-07-28,44.964
2014-07-25,44.714
2014-07-24,44.708
2014-07-23,44.498
2014-07-22,43.916
2014-07-21,44.108
2014-07-18,44.00402
2014-07-17,43.08
2014-07-16,43.432
2014-07-15,43.916
2014-07-14,45.34
2014-07-11,43.626
2014-07-10,43.892
2014-07-09,44.612
2014-07-08,43.814
2014-07-07,44.532
2014-07-03,45.85
2014-07-02,45.885
2014-07-01,47.944
2014-06-30,48.012
2014-06-27,47.812
2014-06-26,47.12
2014-06-25,47.3782
2014-06-24,46.5
2014-06-23,47.444
2014-06-20,45.918
2014-06-19,45.558
2014-06-18,45.424
2014-06-17,46.334
2014-06-16,44.922
2014-06-13,41.284
2014-06-12,40.704
2014-06-11,40.894
2014-06-10,40.46
2014-06-09,41.062
2014-06-06,41.6342
2014-06-05,41.38
2014-06-04,40.798
2014-06-03,40.988
2014-06-02,40.94
2014-05-30,41.554
2014-05-29,42.048
2014-05-28,42.048
2014-05-27,42.312
2014-05-23,41.46
2014-05-22,40.976
2014-05-21,39.89
2014-05-20,39.06
2014-05-19,39.218
2014-05-16,38.312
2014-05-15,37.718
2014-05-14,38.124
2014-05-13,38.032
2014-05-12,36.934
2014-05-09,36.452
2014-05-08,35.718
2014-05-07,40.27
2014-05-06,41.456
2014-05-05,43.322
2014-05-02,42.182
2014-05-01,41.546
2014-04-30,41.578
2014-04-29,41.384
2014-04-28,39.702
2014-04-25,39.97
2014-04-24,41.572
2014-04-23,41.598
2014-04-22,43.728
2014-04-21,40.876
2014-04-17,39.624
2014-04-16,39.822
2014-04-15,38.782
2014-04-14,39.618
2014-04-11,40.756
2014-04-10,40.838
2014-04-09,43.386
2014-04-08,43.092
2014-04-07,41.504
2014-04-04,42.445
2014-04-03,45.08
2014-04-02,46.058
2014-04-01,43.394
2014-03-31,41.69
2014-03-28,42.474
2014-03-27,41.464
2014-03-26,42.592
2014-03-25,44.088
2014-03-24,44.034
2014-03-21,45.778
2014-03-20,46.982
2014-03-19,47.168
2014-03-18,48.008
2014-03-17,46.796
2014-03-14,46.194
2014-03-13,47.558
2014-03-12,48.298
2014-03-11,46.882
2014-03-10,47.768
2014-03-07,49.242
2014-03-06,50.588
2014-03-05,50.532
2014-03-04,50.968
2014-03-03,50.112
2014-02-28,48.962
2014-02-27,50.508
2014-02-26,50.6
2014-02-25,49.6
2014-02-24,43.53
2014-02-21,41.92
2014-02-20,41.994
2014-02-19,38.728
2014-02-18,40.74
2014-02-14,39.646
2014-02-13,39.926
2014-02-12,39.064
2014-02-11,39.324
2014-02-10,39.312
2014-02-07,37.306
2014-02-06,35.676
2014-02-05,34.884
2014-02-04,35.746
2014-02-03,35.422
2014-01-31,36.282
2014-01-30,36.568
2014-01-29,35.046
2014-01-28,35.676
2014-01-27,33.924
2014-01-24,34.92
2014-01-23,36.3
2014-01-22,35.712
2014-01-21,35.336
2014-01-17,34.002
2014-01-16,34.194
2014-01-15,32.826
2014-01-14,32.254
2014-01-13,27.868
2014-01-10,29.14398
2014-01-09,29.506
2014-01-08,30.256
2014-01-07,29.872
2014-01-06,29.4
2014-01-03,29.912
2014-01-02,30.02
2013-12-31,30.0858
2013-12-30,30.488
2013-12-27,30.224
2013-12-26,31.1
2013-12-24,30.282
2013-12-23,28.71
2013-12-20,28.648
2013-12-19,28.144
2013-12-18,29.596
2013-12-17,30.492
2013-12-16,29.588
2013-12-13,29.5308
2013-12-12,29.494
2013-12-11,27.93
2013-12-10,28.438
2013-12-09,28.32
2013-12-06,27.472
2013-12-05,28.096
2013-12-04,27.79
2013-12-03,28.94
2013-12-02,24.834
2013-11-29,25.456
2013-11-27,25.388
2013-11-26,24.1
2013-11-25,24.168
2013-11-22,24.276
2013-11-21,24.42
2013-11-20,24.222
2013-11-19,25.218
2013-11-18,24.316
2013-11-15,27.09
2013-11-14,27.52
2013-11-13,27.74
2013-11-12,27.56
2013-11-11,28.9396
2013-11-08,27.59
2013-11-07,27.9544
2013-11-06,30.232
2013-11-05,35.362
2013-11-04,35.04
2013-11-01,32.434
2013-10-31,31.988
2013-10-30,31.844
2013-10-29,32.894
2013-10-28,32.572
2013-10-25,33.932
2013-10-24,34.63
2013-10-23,32.9
2013-10-22,34.308
2013-10-21,34.52
2013-10-18,36.68
2013-10-17,36.5604
2013-10-16,36.712
2013-10-15,36.788
2013-10-14,35.944
2013-10-11,35.74
2013-10-10,34.586
2013-10-09,33.756
2013-10-08,34.946
2013-10-07,36.614
2013-10-04,36.196
2013-10-03,34.662
2013-10-02,36.19
2013-10-01,38.6
2013-09-30,38.674
2013-09-27,38.18
2013-09-26,37.728
2013-09-25,37.0476
2013-09-24,36.466
2013-09-23,36.222
2013-09-20,36.678
2013-09-19,35.584
2013-09-18,33.2436
2013-09-17,33.246
2013-09-16,33.316
2013-09-13,33.108
2013-09-12,32.986
2013-09-11,32.704
2013-09-10,33.274
2013-09-09,32.14
2013-09-06,33.394
2013-09-05,33.986
2013-09-04,34.1244
2013-09-03,33.788
2013-08-30,33.8
2013-08-29,33.212
2013-08-28,33.29
2013-08-27,33.402
2013-08-26,32.844
2013-08-23,32.3678
2013-08-22,31.42
2013-08-21,29.572
2013-08-20,29.916
2013-08-19,28.98
2013-08-16,28.4
2013-08-15,27.934
2013-08-14,27.872
2013-08-13,29.086
2013-08-12,29.476
2013-08-09,30.6
2013-08-08,30.696
2013-08-07,26.846
2013-08-06,28.43
2013-08-05,28.936
2013-08-02,27.6
2013-08-01,27.11
2013-07-31,26.856
2013-07-30,26.348
2013-07-29,26.924
2013-07-26,25.878
2013-07-25,24.814
2013-07-24,24.34
2013-07-23,24.548
2013-07-22,24.486
2013-07-19,23.936
2013-07-18,23.806
2013-07-17,24.05
2013-07-16,21.81
2013-07-15,25.452
2013-07-12,25.98
2013-07-11,25.122
2013-07-10,24.454
2013-07-09,24.69
2013-07-08,24.322
2013-07-05,24.018
2013-07-03,23.048
2013-07-02,23.564
2013-07-01,23.4358
2013-06-28,21.472
2013-06-27,21.85
2013-06-26,21.144
2013-06-25,20.48
2013-06-24,20.298
2013-06-21,19.91
2013-06-20,20.13
2013-06-19,20.936
2013-06-18,20.678
2013-06-17,20.44
2013-06-14,20.06
2013-06-13,19.636
2013-06-12,19.546
2013-06-11,18.894
2013-06-10,20.01
2013-06-07,20.408
2013-06-06,19.47
2013-06-05,19.074
2013-06-04,18.968
2013-06-03,18.518
2013-05-31,19.552
2013-05-30,20.99
2013-05-29,20.9258
2013-05-28,22.0668
2013-05-24,19.416
2013-05-23,18.546
2013-05-22,17.448
2013-05-21,17.518
2013-05-20,17.988
2013-05-17,18.3
2013-05-16,18.4496
2013-05-15,16.9684
2013-05-14,16.648
2013-05-13,17.56
2013-05-10,15.3528
2013-05-09,13.88
2013-05-08,11.1573
2013-05-07,11.102
2013-05-06,11.9
2013-05-03,10.91
2013-05-02,10.822
2013-05-01,10.656
2013-04-30,10.798
2013-04-29,10.988
2013-04-26,10.24
2013-04-25,10.4
2013-04-24,10.086
2013-04-23,10.202
2013-04-22,10.038
2013-04-19,9.566
2013-04-18,9.394
2013-04-17,9.09
2013-04-16,9.118
2013-04-15,8.66
2013-04-12,8.75
2013-04-11,8.718
2013-04-10,8.372
2013-04-09,8.1
2013-04-08,8.366
2013-04-05,8.274
2013-04-04,8.402
2013-04-03,8.22
2013-04-02,8.868
2013-04-01,8.786
2013-03-28,7.578
2013-03-27,7.632
2013-03-26,7.572
2013-03-25,7.506
2013-03-22,7.324
2013-03-21,7.202
2013-03-20,7.19
2013-03-19,7.016
2013-03-18,7.03
2013-03-15,7.058
2013-03-14,7.37
2013-03-13,7.796
2013-03-12,7.824
2013-03-11,7.82
2013-03-08,7.694
2013-03-07,7.646
2013-03-06,7.538
2013-03-05,7.33
2013-03-04,7.116
2013-03-01,6.93
2013-02-28,6.966
2013-02-27,7.02
2013-02-26,6.886
2013-02-25,6.876
2013-02-22,7.222
2013-02-21,7.032
2013-02-20,7.708
2013-02-19,7.856
2013-02-15,7.408
2013-02-14,7.66
2013-02-13,7.69
2013-02-12,7.578
2013-02-11,7.684
2013-02-08,7.848
2013-02-07,7.896
2013-02-06,7.834
2013-02-05,7.626
2013-02-04,7.548
2013-02-01,7.66
2013-01-31,7.502
2013-01-30,7.504
2013-01-29,7.59
2013-01-28,7.606
2013-01-25,7.396
2013-01-24,7.398
2013-01-23,7.2
2013-01-22,7.038
2013-01-18,6.904
2013-01-17,6.876
2013-01-16,6.82
2013-01-15,6.78
2013-01-14,6.652
2013-01-11,6.582
2013-01-10,6.706
2013-01-09,6.728
2013-01-08,6.736
2013-01-07,6.868
2013-01-04,6.88
2013-01-03,6.954
2013-01-02,7.072
2012-12-31,6.774
2012-12-28,6.644
2012-12-27,6.738
2012-12-26,6.718
2012-12-24,6.856
2012-12-21,6.8
2012-12-20,6.886
2012-12-19,6.922
2012-12-18,6.918
2012-12-17,6.88
2012-12-14,6.762
2012-12-13,6.722
2012-12-12,7.052
2012-12-11,7.056
2012-12-10,6.914
2012-12-07,6.834
2012-12-06,6.78
2012-12-05,6.742
2012-12-04,6.78
2012-12-03,6.924
2012-11-30,6.764
2012-11-29,6.738
2012-11-28,6.646
2012-11-27,6.43
2012-11-26,6.454
2012-11-23,6.426
2012-11-21,6.494
2012-11-20,6.6
2012-11-19,6.584
2012-11-16,6.36798
2012-11-15,6.164
2012-11-14,6.276
2012-11-13,6.32286
2012-11-12,6.214
2012-11-09,6.064
2012-11-08,6.262
2012-11-07,6.308
2012-11-06,6.23
2012-11-05,6.3
2012-11-02,5.78364
2012-11-01,5.84908
2012-10-31,5.62628
2012-10-26,5.476
2012-10-25,5.504
2012-10-24,5.484
2012-10-23,5.678
2012-10-22,5.57
2012-10-19,5.548
2012-10-18,5.608
2012-10-17,5.76382
2012-10-16,5.612
2012-10-15,5.466
2012-10-12,5.528
2012-10-11,5.664
2012-10-10,5.68
2012-10-09,5.674
2012-10-08,5.85
2012-10-05,5.778
2012-10-04,5.88
2012-10-03,5.86
2012-10-02,5.96
2012-10-01,5.832
2012-09-28,5.856
2012-09-27,5.698
2012-09-26,5.508
2012-09-25,5.532
2012-09-24,6.132
2012-09-21,6.004
2012-09-20,6.18
2012-09-19,6.21
2012-09-18,6.268
2012-09-17,6.508
2012-09-14,6.078
2012-09-13,5.896
2012-09-12,5.656
2012-09-11,5.56
2012-09-10,5.474
2012-09-07,5.87
2012-09-06,5.71
2012-09-05,5.588
2012-09-04,5.628
2012-08-31,5.704
2012-08-30,5.682
2012-08-29,5.682
2012-08-28,5.738
2012-08-27,5.664
2012-08-24,5.9
2012-08-23,6.146
2012-08-22,5.99
2012-08-21,5.822
2012-08-20,5.902
2012-08-17,6.002
2012-08-16,6.06
2012-08-15,5.88
2012-08-14,5.884
2012-08-13,6.234
2012-08-10,5.988
2012-08-09,5.882
2012-08-08,5.818
2012-08-07,6.05
2012-08-06,5.654
2012-08-03,5.454
2012-08-02,5.22
2012-08-01,5.25
2012-07-31,5.484
2012-07-30,5.47
2012-07-27,5.902
2012-07-26,5.626
2012-07-25,5.79
2012-07-24,5.968
2012-07-23,6.132
2012-07-20,6.358
2012-07-19,6.454
2012-07-18,6.43
2012-07-17,6.67
2012-07-16,7.192
2012-07-13,6.85
2012-07-12,6.54
2012-07-11,6.302
2012-07-10,6.254
2012-07-09,6.298
2012-07-06,6.198
2012-07-05,6.246
2012-07-03,6.132
2012-07-02,6.08
2012-06-29,6.258
2012-06-28,6.282
2012-06-27,6.392
2012-06-26,6.322
2012-06-25,6.622
2012-06-22,6.757
2012-06-21,6.438
2012-06-20,6.756
2012-06-19,6.418
2012-06-18,6.368
2012-06-15,5.982
2012-06-14,5.878
2012-06-13,5.954
2012-06-12,5.932
2012-06-11,5.824
2012-06-08,6.016
2012-06-07,5.786
2012-06-06,5.844
2012-06-05,5.582
2012-06-04,5.576
2012-06-01,5.63
2012-05-31,5.9
2012-05-30,6.082
2012-05-29,6.338
2012-05-25,5.962
2012-05-24,6.064
2012-05-23,6.204
2012-05-22,6.158
2012-05-21,5.754
2012-05-18,5.512
2012-05-17,5.714
2012-05-16,5.836
2012-05-15,5.886
2012-05-14,6.012
2012-05-11,6.45
2012-05-10,6.592
2012-05-09,6.012
2012-05-08,6.038
2012-05-07,6.494
2012-05-04,6.366
2012-05-03,6.492
2012-05-02,6.788
2012-05-01,6.756
2012-04-30,6.626
2012-04-27,6.668
2012-04-26,6.698
2012-04-25,6.582
2012-04-24,6.364
2012-04-23,6.388
2012-04-20,6.632
2012-04-19,6.632
2012-04-18,6.532
2012-04-17,6.448
2012-04-16,6.45
2012-04-13,6.718
2012-04-12,6.688
2012-04-11,6.618
2012-04-10,6.492
2012-04-09,6.63
2012-04-05,6.896
2012-04-04,7.0
2012-04-03,7.602
2012-04-02,7.316
2012-03-30,7.448
2012-03-29,7.466
2012-03-28,7.57
2012-03-27,7.588
2012-03-26,7.48
2012-03-23,6.816
2012-03-22,6.88
2012-03-21,7.03
2012-03-20,6.992
2012-03-19,6.996
2012-03-16,7.064
2012-03-15,7.0
2012-03-14,7.058
2012-03-13,7.218
2012-03-12,7.202
2012-03-09,6.948
2012-03-08,6.614
2012-03-07,6.624
2012-03-06,6.622
2012-03-05,6.754
2012-03-02,6.808
2012-03-01,6.882
2012-02-29,6.682
2012-02-28,6.762
2012-02-27,6.724
2012-02-24,6.75
2012-02-23,6.906
2012-02-22,6.844
2012-02-21,6.9
2012-02-17,6.994
2012-02-16,6.836
2012-02-15,6.72
2012-02-14,6.634
2012-02-13,6.298
2012-02-10,6.22
2012-02-09,6.516
2012-02-08,6.386
2012-02-07,6.32
2012-02-06,6.36
2012-02-03,6.23
2012-02-02,6.05
2012-02-01,5.916
2012-01-31,5.814
2012-01-30,5.914
2012-01-27,5.866
2012-01-26,5.788
2012-01-25,5.594
2012-01-24,5.484
2012-01-23,5.354
2012-01-20,5.32
2012-01-19,5.352
2012-01-18,5.362
2012-01-17,5.32
2012-01-13,4.558
2012-01-12,5.65
2012-01-11,5.646
2012-01-10,5.524
2012-01-09,5.45
2012-01-06,5.382
2012-01-05,5.424
2012-01-04,5.542
2012-01-03,5.616
2011-12-30,5.712
2011-12-29,5.746
2011-12-28,5.702
2011-12-27,5.714
2011-12-23,5.58
2011-12-22,5.554
2011-12-21,5.514
2011-12-20,5.58
2011-12-19,5.55
2011-12-16,5.6
2011-12-15,5.724
2011-12-14,5.706
2011-12-13,5.89
2011-12-12,6.082
2011-12-09,6.208
2011-12-08,6.178
2011-12-07,6.838
2011-12-06,6.974
2011-12-05,6.884
2011-12-02,6.66
2011-12-01,6.52
2011-11-30,6.548
2011-11-29,6.35
2011-11-28,6.512
2011-11-25,6.332
2011-11-23,6.29
2011-11-22,6.414
2011-11-21,6.352
2011-11-18,6.52
2011-11-17,6.736
2011-11-16,6.988
2011-11-15,6.786
2011-11-14,6.644
2011-11-11,6.728
2011-11-10,6.266
2011-11-09,6.176
2011-11-08,6.368
2011-11-07,6.254
2011-11-04,6.462
2011-11-03,6.492
2011-11-02,5.742
2011-11-01,5.776
2011-10-31,5.874
2011-10-28,5.974
2011-10-27,5.752
2011-10-26,5.596
2011-10-25,5.65
2011-10-24,5.71
2011-10-21,5.606
2011-10-20,5.468
2011-10-19,5.514
2011-10-18,5.668
2011-10-17,5.484
2011-10-14,5.61
2011-10-13,5.588
2011-10-12,5.56
2011-10-11,5.522
2011-10-10,5.576
2011-10-07,5.398
2011-10-06,5.392
2011-10-05,5.074
2011-10-04,4.732
2011-10-03,4.746
2011-09-30,4.878
2011-09-29,4.824
2011-09-28,4.918
2011-09-27,5.238
2011-09-26,5.104
2011-09-23,5.276
2011-09-22,5.126
2011-09-21,5.17
2011-09-20,5.202
2011-09-19,5.154
2011-09-16,5.16
2011-09-15,4.964
2011-09-14,4.868
2011-09-13,4.816
2011-09-12,4.576
2011-09-09,4.594
2011-09-08,4.722
2011-09-07,4.768
2011-09-06,4.588
2011-09-02,4.614
2011-09-01,4.8
2011-08-31,4.948
2011-08-30,4.926
2011-08-29,4.942
2011-08-26,4.746
2011-08-25,4.622
2011-08-24,4.774
2011-08-23,4.592
2011-08-22,4.39
2011-08-19,4.46
2011-08-18,4.852
2011-08-17,5.166
2011-08-16,5.22
2011-08-15,5.246
2011-08-12,5.262
2011-08-11,5.06
2011-08-10,4.764
2011-08-09,5.012
2011-08-08,4.728
2011-08-05,4.848
2011-08-04,4.95
2011-08-03,5.44
2011-08-02,5.468
2011-08-01,5.754
2011-07-29,5.634
2011-07-28,5.634
2011-07-27,5.528
2011-07-26,5.6
2011-07-25,5.698
2011-07-22,5.858
2011-07-21,5.74
2011-07-20,5.738
2011-07-19,5.578
2011-07-18,5.446
2011-07-15,5.516
2011-07-14,5.522
2011-07-13,5.728
2011-07-12,5.634
2011-07-11,5.67
2011-07-08,5.762
2011-07-07,5.946
2011-07-06,5.792
2011-07-05,5.828
2011-07-01,5.804
2011-06-30,5.826
2011-06-29,5.658
2011-06-28,5.622
2011-06-27,5.492
2011-06-24,5.513
2011-06-23,5.542
2011-06-22,5.442
2011-06-21,5.506
2011-06-20,5.202
2011-06-17,5.3
2011-06-16,5.3
2011-06-15,5.464
2011-06-14,5.72
2011-06-13,5.686
2011-06-10,5.572
2011-06-09,5.524
2011-06-08,5.424
2011-06-07,5.674
2011-06-06,5.74
2011-06-03,6.026
2011-06-02,5.752
2011-06-01,5.7034
2011-05-31,6.028
2011-05-27,5.91
2011-05-26,5.896
2011-05-25,5.796
2011-05-24,5.344
2011-05-23,5.364
2011-05-20,5.594
2011-05-19,5.64
2011-05-18,5.27
2011-05-17,5.192
2011-05-16,5.32
2011-05-13,5.51
2011-05-12,5.534
2011-05-11,5.414
2011-05-10,5.666
2011-05-09,5.582
2011-05-06,5.424
2011-05-05,5.288
2011-05-04,5.338
2011-05-03,5.374
2011-05-02,5.49
2011-04-29,5.52
2011-04-28,5.532
2011-04-27,5.416
2011-04-26,5.386
2011-04-25,5.278
2011-04-21,5.348
2011-04-20,5.15
2011-04-19,5.032
2011-04-18,5.006
2011-04-15,5.116
2011-04-14,5.028
2011-04-13,4.986
2011-04-12,4.93
2011-04-11,5.054
2011-04-08,5.298
2011-04-07,5.448
2011-04-06,5.298
2011-04-05,5.34
2011-04-04,5.166
2011-04-01,5.332
2011-03-31,5.55
2011-03-30,4.742
2011-03-29,4.784
2011-03-28,4.65
2011-03-25,4.55
2011-03-24,4.466
2011-03-23,4.442
2011-03-22,4.438
2011-03-21,4.546
2011-03-18,4.592
2011-03-17,4.562
2011-03-16,4.564
2011-03-15,4.59
2011-03-14,4.65
2011-03-11,4.814
2011-03-10,4.802
2011-03-09,4.944
2011-03-08,4.932
2011-03-07,4.988
2011-03-04,4.99
2011-03-03,4.872
2011-03-02,4.804
2011-03-01,4.788
2011-02-28,4.778
2011-02-25,4.722
2011-02-24,4.506
2011-02-23,4.366
2011-02-22,4.374
2011-02-18,4.636
2011-02-17,4.72
2011-02-16,4.946
2011-02-15,4.568
2011-02-14,4.616
2011-02-11,4.65
2011-02-10,4.643
2011-02-09,4.642
2011-02-08,4.898
2011-02-07,4.614
2011-02-04,4.692
2011-02-03,4.726
2011-02-02,4.788
2011-02-01,4.782
2011-01-31,4.82
2011-01-28,4.802
2011-01-27,4.984
2011-01-26,4.95
2011-01-25,4.936
2011-01-24,4.898
2011-01-21,4.608
2011-01-20,4.524
2011-01-19,4.806
2011-01-18,5.128
2011-01-14,5.15
2011-01-13,5.244
2011-01-12,5.392
2011-01-11,5.392
2011-01-10,5.69
2011-01-07,5.648
2011-01-06,5.576
2011-01-05,5.366
2011-01-04,5.334
2011-01-03,5.324
2010-12-31,5.326
2010-12-30,5.3
2010-12-29,5.546
2010-12-28,5.282
2010-12-27,5.1098
2010-12-23,6.018
2010-12-22,6.526
2010-12-21,6.452
2010-12-20,6.34
2010-12-17,6.272
2010-12-16,6.162
2010-12-15,5.92
2010-12-14,5.706
2010-12-13,6.11
2010-12-10,6.304
2010-12-09,6.41
2010-12-08,6.474
2010-12-07,6.312
2010-12-06,6.062
2010-12-03,6.298
2010-12-02,6.47
2010-12-01,6.87
2010-11-30,7.066
2010-11-29,6.866
2010-11-26,7.064
2010-11-24,7.094
2010-11-23,6.914
2010-11-22,6.68
2010-11-19,6.198
2010-11-18,5.978
2010-11-17,5.898
2010-11-16,5.934
2010-11-15,6.16
2010-11-12,5.968
2010-11-11,5.607
2010-11-10,5.872
2010-11-09,4.926
2010-11-08,4.996
2010-11-05,4.888
2010-11-04,4.98
2010-11-03,4.354
2010-11-02,4.25
2010-11-01,4.282
2010-10-29,4.368
2010-10-28,4.238
2010-10-27,4.2
2010-10-26,4.272
2010-10-25,4.17
2010-10-22,4.144
2010-10-21,4.15
2010-10-20,4.13
2010-10-19,4.01
2010-10-18,4.046
2010-10-15,4.108
2010-10-14,4.15
2010-10-13,4.108
2010-10-12,4.048
2010-10-11,4.048
2010-10-08,4.086
2010-10-07,4.086
2010-10-06,4.092
2010-10-05,4.224
2010-10-04,4.198
2010-10-01,4.12
2010-09-30,4.081
2010-09-29,4.396
2010-09-28,4.28
2010-09-27,4.106
2010-09-24,4.02
2010-09-23,3.912
2010-09-22,3.974
2010-09-21,4.154
2010-09-20,4.211
2010-09-17,4.046
2010-09-16,4.188
2010-09-15,4.396
2010-09-14,4.224
2010-09-13,4.144
2010-09-10,4.034
2010-09-09,4.142
2010-09-08,4.18
2010-09-07,4.108
2010-09-03,4.21
2010-09-02,4.212
2010-09-01,4.09
2010-08-31,3.896
2010-08-30,3.974
2010-08-27,3.94
2010-08-26,3.95
2010-08-25,3.98
2010-08-24,3.84
2010-08-23,4.026
2010-08-20,3.82
2010-08-19,3.758
2010-08-18,3.754
2010-08-17,3.83
2010-08-16,3.756
2010-08-13,3.664
2010-08-12,3.52
2010-08-11,3.58
2010-08-10,3.806
2010-08-09,3.92
2010-08-06,3.918
2010-08-05,4.09
2010-08-04,4.252
2010-08-03,4.39
2010-08-02,4.184
2010-07-30,3.988
2010-07-29,4.07
2010-07-28,4.144
2010-07-27,4.11
2010-07-26,4.19
2010-07-23,4.258
2010-07-22,4.2
2010-07-21,4.044
2010-07-20,4.06
2010-07-19,4.382
2010-07-16,4.128
2010-07-15,3.978
2010-07-14,3.968
2010-07-13,3.628
2010-07-12,3.41
2010-07-09,3.48
2010-07-08,3.492
2010-07-07,3.16
2010-07-06,3.222
2010-07-02,3.84
2010-07-01,4.392
2010-06-30,4.766
2010-06-29,4.778
